company_name,car_name,engine_type,engine_cc,horse_power,top_speed,acceleration_0_100,price,fuel_type,seats,torque_nm
ferrari,sf90_stradale,v8,3990,963,340,2.5,1100000,hybrid,2,800
rolls_royce,phantom,v12,6749,563,250,5.3,460000,petrol,5,900
ford,ka+,others,1200,70,165,10.5,12000,petrol,5,
mercedes,gt_63_s,v8,3982,630,250,3.2,161000,petrol,4,900
audi,r8_gt,v10,5204,602,320,3.6,253290,petrol,2,560
mclaren,720s,v8,3994,710,341,2.9,499000,petrol,2,770
aston_martin,vantage_f1,v8,3982,656,314,3.6,193440,petrol,2,685
bentley,continental_gt_azure,v8,3996,550,318,4.0,311000,petrol,4,900
lamborghini,veneno_roadster,v12,6498,750,356,2.9,4500000,petrol,2,690
ferrari,f8_tributo,v8,3900,,340,2.9,280000,petrol,,770
ferrari,812_gts,v12,6496,,340,2.9,350000,petrol,2,718
ferrari,portofino,v8,3900,592,320,3.2,210000,petrol,4,760
ferrari,roma,v8,3900,612,,3.4,230000,petrol,4,760
ferrari,monza_sp2,v12,6496,789,340,2.9,1700000,petrol,2,719
ferrari,f8_spider,v8,3900,710,340,2.9,280000,petrol,2,770
ferrari,portofino_m,v8,3900,612,320,3.2,220000,petrol,4,760
ferrari,roma_spider,v8,3900,612,320,3.4,240000,petrol,4,760
toyota,gr_supra,i4,2998,382,,4.1,53900,petrol,2,500
toyota,86,boxer,1998,205,226,6.4,27000,petrol,4,205
toyota,gr86,boxer,2387,228,226,5.6,30000,petrol,4,250
toyota,land_cruiser,v8,5663,381,220,6.7,85000,diesel,7,500
toyota,sequoia,v8,5663,381,200,6.9,50000,petrol,7,651
nissan,gt-r,v6,3799,600,315,2.9,113000,petrol,4,637
nissan,370z,v6,3696,332,250,4.7,30000,petrol,2,366
nissan,z_proto,v6,2998,400,290,4.1,40000,petrol,2,475
nissan,altima,i4,,,225,7.3,25000,petrol,5,380
nissan,maxima,v6,3498,300,240,5.8,35000,petrol,5,354
nissan,sentra,i4,1998,149,200,8.2,20000,petrol,5,240
nissan,rogue,i4,2488,201,200,7.5,28000,petrol,5,270
nissan,pathfinder,v6,3498,284,225,6.5,35000,petrol,7,351
nissan,frontier,v6,3799,310,,6.8,30000,petrol,5,381
nissan,titan,v8,5598,400,200,5.9,40000,petrol,5,560
aston_martin,valkyrie,v12,6496,1160,402,2.5,3200000,hybrid,2,900
aston_martin,valhalla,v8,3996,1000,362,2.5,,hybrid,2,1000
aston_martin,dbs_superleggera,v12,5204,715,340,3.4,316000,petrol,2,900
aston_martin,db11,v12,5204,600,322,3.9,208000,petrol,4,700
aston_martin,vantage,v8,3996,503,313,3.6,142000,petrol,2,685
aston_martin,dbx,v8,3996,542,291,4.5,189000,petrol,5,700
aston_martin,rapide_amr,v12,5935,,328,4.2,,petrol,4,630
aston_martin,vanquish,v12,5935,580,324,3.6,294000,petrol,2,630
aston_martin,lagonda_taraf,v12,5935,540,,4.2,1100000,petrol,4,630
aston_martin,victor,v12,5204,836,320,2.8,1300000,petrol,2,821
lamborghini,sian,v12,6498,819,350,2.8,2800000,hybrid,2,720
lamborghini,aventador_svj,v12,6498,759,350,2.8,518000,petrol,2,720
lamborghini,huracan_performante,v10,5204,640,325,2.9,274000,petrol,2,600
lamborghini,huracan_evo,v10,5204,640,325,2.9,261000,petrol,2,600
lamborghini,aventador_sv,v12,6498,740,350,2.8,493000,petrol,2,
lamborghini,urus,v8,3996,641,305,3.6,211000,petrol,5,850
lamborghini,huracan_spyder,v10,5204,610,325,3.4,287000,petrol,2,600
lamborghini,aventador_roadster,v12,6498,700,350,3.0,445000,petrol,2,690
lamborghini,huracan_performante_spyder,v10,5204,640,325,3.1,308000,petrol,2,600
lamborghini,aventador_s,v12,6498,740,350,2.9,421000,petrol,2,690
lamborghini,huracan_evo_spyder,v10,5204,640,325,3.1,287000,petrol,2,600
lamborghini,urus_performante,v8,3996,641,,3.3,242000,petrol,5,850
lamborghini,aventador_ultimae,v12,6498,769,355,2.8,545000,petrol,2,720
lamborghini,huracan_evo_rwd,v10,5204,610,325,3.3,258000,petrol,2,560
lamborghini,aventador_svj_roadster,v12,6498,759,350,2.9,573000,petrol,2,720
lamborghini,urus_s,v8,3996,671,305,3.3,263000,petrol,5,850
lamborghini,huracan_sto,v10,5204,640,325,3.0,327000,petrol,2,565
lamborghini,aventador_lp_780-4_ultimate,v12,6498,769,355,2.8,545000,petrol,2,720
lamborghini,huracan_evo_rwd_spyder,v10,5204,610,325,3.3,,petrol,2,600
lamborghini,aventador_svj_xago,v12,6498,759,350,2.9,603000,petrol,2,720
lamborghini,urus_graphite_capsule,v8,3998,641,305,3.3,253000,petrol,5,850
lamborghini,huracan_sto_evo,v10,5204,640,325,3.0,,petrol,2,565
lamborghini,aventador_lp_780-4_ultimate_roadster,v12,6498,769,355,2.8,573000,petrol,2,720
rolls_royce,ghost,v12,6592,591,250,4.8,332000,petrol,5,850
rolls_royce,wraith,v12,6592,624,250,4.4,330000,petrol,4,870
rolls_royce,dawn,v12,6592,624,250,4.9,360000,petrol,4,870
rolls_royce,cullinan,v12,6749,563,250,5.2,325000,petrol,5,850
rolls_royce,phantom_extended,v12,6749,563,250,5.3,500000,petrol,5,
rolls_royce,ghost_extended,v12,6592,591,250,4.8,,petrol,5,850
rolls_royce,wraith_black_badge,v12,6592,624,250,4.3,360000,petrol,4,870
rolls_royce,dawn_black_badge,v12,6592,624,250,4.8,390000,petrol,4,870
rolls_royce,cullinan_black_badge,v12,6749,563,250,5.1,350000,petrol,5,850
rolls_royce,phantom_coupe,v12,6749,563,250,5.3,450000,petrol,4,870
rolls_royce,ghost_coupe,v12,6592,591,250,4.8,340000,petrol,4,850
rolls_royce,wraith_coupe,v12,6592,624,250,4.4,330000,petrol,4,870
rolls_royce,dawn_convertible,v12,6592,624,250,4.9,,petrol,4,870
rolls_royce,cullinan_suv,v12,6749,563,250,5.2,320000,petrol,5,850
mercedes,benz_s-class_s_580,v8,3982,496,250,4.4,116000,petrol,5,700
mercedes,benz_e-class_e_63_s,v8,3982,603,250,3.4,,petrol,5,850
mercedes,benz_cla_45_amg,i4,1991,,250,4.1,53000,petrol,5,500
mercedes,benz_gle_63_s,v8,3982,603,250,4.2,113000,petrol,5,850
mercedes,benz_s-class_s_500,v6,,429,250,4.9,109000,petrol,5,700
mercedes,benz_e-class_e_450,v6,2996,362,250,5.2,62000,petrol,5,500
mercedes,benz_cls_450,v6,2996,362,250,5.2,,petrol,5,500
mercedes,benz_gt_53,v6,2996,429,,4.5,99000,petrol,5,700
mercedes,benz_gle_450,v6,2996,362,250,5.5,63000,petrol,5,500
mercedes,benz_a-class_a_45_s,i4,1991,,250,3.9,53000,petrol,5,500
mercedes,benz_c-class_c_43,v6,2996,402,250,4.7,52000,petrol,5,520
mercedes,benz_e-class_e_350,i4,1991,255,250,5.7,49000,petrol,5,500
mercedes,benz_gle_350,i4,1991,255,250,6.1,53000,petrol,5,500
mercedes,benz_glc_43,v6,2996,402,250,4.7,54000,petrol,5,520
mercedes,benz_gla_45,i4,1991,382,,4.3,48000,petrol,,500
mercedes,benz_glc_350,i4,1991,255,250,6.1,46000,petrol,5,500
mercedes,benz_gle_53,v6,2996,429,250,5.2,71000,petrol,5,620
mercedes,benz_s-class_s_350,i4,1991,255,250,6.5,90000,petrol,5,500
mercedes,benz_eqs_53,electric,,751,250,3.4,102000,electric,5,950
mercedes,benz_maybach_s_680,v12,5980,630,250,4.7,200000,petrol,5,1000
bmw,m5_cs,v8,4395,627,305,3.0,142000,petrol,5,750
bmw,m4_gts,others,2993,493,305,3.7,133000,petrol,4,600
bmw,m3_competition,others,2993,503,285,3.5,76000,petrol,5,650
bmw,m2_cs,others,2993,444,280,4.0,83000,petrol,4,550
bmw,x5_m_competition,v8,4935,523,285,4.1,114000,petrol,5,750
bmw,x3_m_competition,others,2993,503,285,4.1,69000,petrol,5,650
bmw,m8_gran_coupe,v8,4395,523,305,3.3,146000,petrol,5,750
bmw,m850i_drive_coupe,v8,4935,523,285,3.7,,petrol,4,750
rolls_royce,dawn_black_badge_volante,v12,6592,563,250,4.8,398000,petrol,4,840
rolls_royce,cullinan_black_badge_suv,v12,,563,250,5.1,381000,petrol,5,850
rolls_royce,phatom_tranquility,v12,6749,563,250,5.3,475000,petrol,5,900
rolls_royce,ghost_zenith,v12,6749,563,250,4.9,335000,petrol,5,900
rolls_royce,wraith_eagle_viii,v12,6592,623,250,4.5,349000,petrol,,800
rolls_royce,phatom_orchid,v12,6749,563,250,5.3,495000,petrol,5,900
rolls_royce,ghost_azure,v12,6749,563,250,4.9,355000,petrol,5,900
rolls_royce,wraith_kryptos,v12,6592,623,250,4.5,369000,petrol,4,800
rolls_royce,dawn_silver_bullet,v12,,563,250,4.8,418000,petrol,4,840
rolls_royce,cullinan_fux_orange,v12,6749,563,250,5.1,401000,petrol,5,850
rolls_royce,phantom_celestial,v12,,563,250,5.3,515000,petrol,5,900
rolls_royce,ghost_mysore,v12,6749,563,250,4.9,375000,petrol,5,900
rolls_royce,wraith_luminary,v12,6592,623,250,4.5,389000,petrol,4,800
rolls_royce,dawn_black_badge_adamas,v12,6592,563,250,4.8,439000,petrol,4,840
rolls_royce,cullinan_red_diamond,v12,6749,563,250,5.1,421000,petrol,5,850
audi,r8_v10_plus,v10,5204,610,330,3.2,194000,petrol,2,560
audi,rs7_sportback,v8,3993,591,305,3.6,114000,petrol,5,800
audi,s8,v8,3993,563,305,4.3,101000,petrol,5,800
audi,rs6_avant,v8,3993,591,305,3.6,109000,petrol,5,800
audi,s7_sportback,v8,3993,563,305,4.3,96000,petrol,5,650
audi,a8,v6,2995,335,250,5.7,86000,petrol,5,600
audi,s5_coupe,v6,2995,349,250,4.8,64000,petrol,4,500
audi,sq5,v6,2995,349,250,5.4,62000,petrol,5,500
audi,s4_sedan,v6,2995,349,250,4.7,,petrol,5,500
audi,s3_sedan,i4,1984,306,250,4.8,52000,petrol,5,400
audi,q7,v6,,335,250,6.3,60000,petrol,7,600
audi,q5,i4,1984,248,240,6.3,43000,petrol,5,500
audi,a7,v6,2995,335,250,5.7,68000,petrol,5,600
audi,a6,v6,2995,335,250,5.7,58000,petrol,5,600
audi,a5_coupe,i4,1984,248,240,6.3,45000,petrol,4,500
audi,a4,i4,1984,248,240,6.5,39000,petrol,5,400
audi,q3,i4,1984,248,230,7.3,35000,petrol,5,400
audi,e-tron,electric,,402,200,5.5,75000,electric,5,664
audi,e-tron_sportback,electric,,402,200,5.5,78000,electric,5,664
audi,tt_coupe,i4,1984,248,250,5.3,49000,petrol,2,400
bmw,i8_roadster,electric,,369,250,4.4,165000,hybrid,2,570
bmw,330i,i4,1998,,250,5.6,45000,petrol,5,400
bmw,m340i_xdrive,others,2998,382,250,4.1,57000,petrol,5,500
bmw,430i_coupe,i4,1998,255,250,5.8,48000,petrol,4,400
bmw,m4_competition,others,2993,503,290,3.8,81000,petrol,4,650
bmw,530i,i4,1998,248,250,5.9,57000,petrol,5,400
bmw,m550i_xdrive,v8,4395,523,250,3.6,78000,petrol,5,650
bmw,118i,i3,1499,136,213,8.5,32000,petrol,5,220
bmw,128ti,i4,1998,261,250,6.1,42000,petrol,5,400
bmw,m135i_xdrive,i4,1998,302,250,4.8,30000,petrol,,450
bmw,116d,i3,1496,116,200,10.3,30000,diesel,5,
bmw,120d_xdrive,i4,1995,190,230,6.9,38000,diesel,5,400
bmw,116i,i3,1499,109,200,10.9,28000,petrol,5,200
bmw,118d,i4,1995,150,216,8.4,34000,diesel,5,380
bmw,120i,i4,1998,178,,7.1,37000,petrol,5,300
bmw,125i,i4,1998,224,,6.1,42000,petrol,5,400
bmw,114d,i3,1496,95,185,12.2,27000,diesel,5,270
bmw,114i,i4,1598,102,195,11.2,26000,petrol,5,200
bmw,125d,i4,1995,224,240,6.3,44000,diesel,5,400
bmw,118i_xdrive,i3,1499,136,211,8.9,34000,petrol,5,250
bmw,116d_efficientdynamics,i3,1496,116,200,10.9,30000,diesel,5,270
bmw,118i_sportline,i3,1499,136,213,8.5,35000,petrol,5,250
bmw,118i_m_sport,i3,1499,136,213,8.5,37000,petrol,5,250
bmw,120i_m_sport,i4,1998,178,230,7.1,39000,petrol,5,300
bmw,116i_efficientdynamics,i4,1598,109,195,10.9,29000,petrol,5,200
bmw,116d_advantage,i3,1496,116,200,10.5,31000,diesel,5,270
bmw,120d_efficientdynamics,i4,,163,225,7.7,,diesel,5,400
bmw,118i_shadow_line,i3,1499,136,213,8.5,36000,petrol,5,250
bmw,118d_sport_line,i4,1995,,216,8.4,36000,diesel,5,380
bmw,120i_xdrive,i4,1998,178,230,7.2,40000,petrol,5,300
bmw,114d_sport_line,i3,1496,95,185,12.2,28000,diesel,5,270
bmw,118i_urban_line,i3,1499,136,,8.5,35000,petrol,5,250
volvo,xc90,others,1969,247,200,6.5,60000,petrol,7,400
volvo,xc60,others,1969,247,220,6.4,55000,petrol,5,400
volvo,s90,others,1969,295,,5.9,60000,petrol,5,400
kia,sportage_lx,i4,2480,187,200,8.0,27000,petrol,5,250
kia,sportage_ex,i4,2480,187,200,8.0,30000,petrol,5,250
kia,sportage_gt-line,i4,2480,187,200,8.0,32000,petrol,5,350
kia,sportage_sx_turbo,i4,1998,240,210,6.7,36000,petrol,5,400
kia,sportage_nightfall_edition,i4,2480,187,200,8.0,33000,petrol,5,350
honda,civic_type_r,i4,1996,315,272,5.7,44000,petrol,5,
kia,sportage_phev,electric,,261,180,8.0,,hybrid,5,350
kia,sportage_2024(base_model),i4,2480,187,200,8.0,26000,petrol,5,250
kia,sportage_2024(top_trim),i4,1998,,210,6.7,38000,petrol,5,400
kia,sportage_2024(base_awd),i4,2480,187,200,8.3,29000,petrol,5,250
kia,sportage_x-line,i4,2480,,200,8.0,32500,petrol,5,350
kia,sportage_2024(s_trim),i4,2480,187,200,8.2,28000,petrol,5,250
honda,accord,i4,1498,192,201,7.1,29400,petrol,5,370
kia,sportage_2024(hybrid_awd),electric,,227,180,8.0,37000,hybrid,5,350
kia,sportage_2024(plug-in_hybrid_awd),electric,,261,,7.9,42000,hybrid,5,350
kia,sportage_2024(x-pro),i4,2480,187,200,8.1,36000,petrol,5,400
kia,sportage_2024(x-pro_prestige),i4,2480,187,200,8.1,38000,petrol,5,400
kia,sportage_2024(sx_turbo_awd),i4,1998,240,210,6.5,40000,petrol,5,400
kia,sportage_2024(base_fwd),i4,2480,187,200,8.5,26500,petrol,5,250
honda,cr-v,i4,1498,190,186,8.2,30000,petrol,5,400
honda,pilot,v6,3471,,209,6.3,40000,petrol,8,360
honda,civic_hatchback,i4,1498,180,220,6.8,26350,petrol,5,300
toyota,camry,v6,3500,301,220,6.0,27000,petrol,5,250
toyota,corolla,i4,1798,139,180,9.4,22500,petrol,5,200
toyota,prius,i4,1798,121,180,10.5,26700,hybrid,5,
toyota,rav4,i4,2494,203,200,8.1,,petrol,5,400
toyota,highlander,v6,3456,295,220,7.2,38400,petrol,7,370
toyota,4runner,v6,3956,270,200,7.5,37400,petrol,5,400
toyota,tacoma,i4,2694,159,180,9.5,,petrol,5,400
toyota,tundra,v8,5663,381,220,6.7,39900,petrol,5,650
toyota,avalon,v6,3456,301,220,6.9,41400,petrol,5,400
toyota,mirai,i4,1798,151,180,9.2,52400,other,5,335
toyota,sienna,v6,2494,245,190,8.0,44150,petrol,7,360
toyota,venza,i4,2494,219,200,7.5,33400,hybrid,5,400
toyota,highlander_hybrid,v6,3456,240,220,8.2,40400,hybrid,7,350
toyota,land_cruiser_prado,v6,3956,282,200,7.2,49400,petrol,7,450
toyota,tundra_hybrid,v6,3456,344,220,6.2,43400,hybrid,5,650
toyota,yaris,i4,1496,,180,11.2,18400,petrol,5,
toyota,c-hr,i4,1986,144,200,10.2,,petrol,5,250
toyota,bz4x,electric,,218,200,7.5,43400,electric,5,330
toyota,crown,hybrid,2494,236,200,7.6,38400,hybrid,5,400
toyota,mr2,i4,1986,168,200,6.9,29000,petrol,2,400
toyota,celica,i4,1986,140,200,8.5,25000,petrol,5,250
honda,city,i4,1497,119,180,10.2,15400,petrol,5,
honda,civic,i4,1996,158,200,8.5,20400,petrol,5,400
hyundai,i10,i4,1197,87,160,12.2,12400,petrol,5,
hyundai,i20,i4,1396,99,180,10.5,15400,petrol,5,250
hyundai,elantra,i4,1999,147,200,9.5,18400,petrol,5,250
mahindra,xuv500,i4,2179,155,180,10.5,18400,diesel,7,400
mahindra,scorpio,i4,2179,140,160,11.2,16400,diesel,7,280
mahindra,thar,i4,1997,150,180,10.5,20400,petrol,4,320
maruti_suzuki,swift,i4,1197,83,160,12.2,10400,petrol,5,
maruti_suzuki,dzire,i4,1197,83,160,12.2,,petrol,5,
maruti_suzuki,brezza,i4,1462,103,180,11.5,14400,petrol,5,200
toyota,prius_prime,hybrid,1998,220,180,6.7,31100,hybrid,5,220
toyota,gr_corolla,i3,1618,300,230,5.0,36995,petrol,5,370
toyota,land_cruiser_300,v6,3346,305,210,6.8,58500,petrol,7,650
toyota,tundra_i-force_max,hybrid,3445,437,180,6.2,56000,hybrid,5,750
toyota,corolla_hatchback_xse,i4,1987,,190,8.2,25390,petrol,5,250
toyota,mirai,electric,,152,180,9.0,49500,other,5,335
toyota,hilux_gr_sport,others,2755,224,170,10.0,50000,petrol,5,500
toyota,alphard_executive_lounge,hybrid,2494,296,180,8.5,60000,petrol,7,400
toyota,fortuner_gr_sport,others,2755,204,175,10.5,55000,petrol,7,500
toyota,innova_hycross,hybrid,1987,184,165,9.5,40000,hybrid,7,250
toyota,coaster,others,4009,134,,,70000,diesel,,500
toyota,urban_cruiser_taisor,hybrid,1490,114,170,11.0,,petrol,5,
toyota,aygo_x,i3,998,71,160,14.8,18000,petrol,4,
toyota,hilux_revo_rocco,others,2755,204,175,10.0,50000,diesel,5,500
toyota,proace_verso_electric,electric,,136,130,13.5,,electric,7,280
toyota,century_suv,hybrid,3456,406,200,6.0,170000,petrol,5,500
toyota,corolla_sedan_hybrid,hybrid,1798,134,180,10.0,24000,hybrid,5,300
toyota,bz3,electric,,241,160,7.5,35000,electric,5,340
toyota,gr_yaris,i3,,268,230,5.5,45000,petrol,4,390
hyundai,santa_fe,hybrid,1600,253,180,9.3,50000,petrol,7,420
hyundai,ioniq_5,electric,,225,185,7.4,41000,electric,5,350
hyundai,santa_cruz,i4,2500,281,215,6.5,40799,petrol,5,400
hyundai,kona,others,1591,147,185,10.0,20500,petrol,5,400
hyundai,elantra,i4,2000,147,210,8.3,19950,petrol,5,
nissan,urvan,others,,140,140,14.0,28000,diesel,,356
hyundai,ioniq_6,electric,,320,185,5.2,41450,electric,5,350
hyundai,tucson,i4,2500,187,180,6.1,30500,petrol,5,400
hyundai,palisade,v6,3800,291,240,6.3,52000,petrol,7,355
hyundai,sonata,i4,2500,191,240,8.0,25000,petrol,5,250
hyundai,accent,i4,1600,120,180,9.8,15000,petrol,5,
hyundai,venue,i4,1600,121,180,9.5,18000,petrol,5,240
hyundai,kona_electric,electric,,200,200,6.1,,electric,5,395
hyundai,veloster,i4,2000,275,220,6.0,25000,petrol,4,264
hyundai,nexo,electric,,161,180,7.8,38000,other,5,400
hyundai,ioniq,i4,1600,139,160,8.5,18000,hybrid,5,295
hyundai,genesis,v6,3800,291,240,6.3,52000,petrol,5,400
hyundai,azera,v6,3300,278,240,6.5,55000,petrol,5,250
hyundai,equus,v6,3300,278,240,6.5,,petrol,5,400
hyundai,tiburon,i4,2000,160,200,8.2,19000,petrol,4,320
hyundai,elantra_gt,i4,2000,160,200,8.3,22000,petrol,5,320
volkswagen,golf,electric,,110,210,8.5,23000,petrol,5,250
volkswagen,passat,i4,1984,,210,7.8,25000,petrol,5,250
volkswagen,tiguan,i4,1984,150,209,8.5,,petrol,7,300
volkswagen,jetta,i4,1498,150,210,7.7,21995,petrol,5,250
volkswagen,polo,i3,999,80,190,9.5,18000,petrol,5,175
volkswagen,arteon,i4,1984,150,250,5.6,,petrol,5,350
volkswagen,id.4,electric,,201,160,7.8,39735,electric,5,310
volkswagen,up!,electric,323,82,160,13.0,15000,petrol,4,
volkswagen,touareg,v8,2967,231,235,5.9,55000,petrol,5,600
volkswagen,scirocco,i4,1984,125,233,6.0,35000,petrol,4,350
volkswagen,beetle,i4,1984,105,205,7.0,20000,petrol,4,240
volkswagen,amarok,v6,2967,163,180,7.9,40000,diesel,5,550
volkswagen,t-roc,i4,1984,115,205,7.2,30000,petrol,5,320
volkswagen,sharan,i4,1984,150,200,9.3,33000,petrol,7,280
volkswagen,caddy,i4,1498,102,185,10.5,,petrol,7,250
nissan,nv1500,v6,3954,261,160,9.5,33000,petrol,,385
volkswagen,taigo,i4,1498,95,183,10.0,24000,petrol,5,200
volkswagen,california,i4,1984,150,180,13.0,70000,diesel,7,340
volkswagen,id.3,electric,5877,204,160,7.3,35000,electric,5,
volkswagen,id._buzz,electric,,204,145,10.2,59995,electric,7,310
volkswagen,golf_gti,i4,1984,245,250,5.9,,petrol,5,350
volkswagen,golf_r,i4,1984,315,250,4.6,44640,petrol,5,420
volkswagen,passat_alltrack,i4,1968,190,220,7.8,36000,diesel,5,400
volkswagen,polo_gti,i4,1984,204,238,6.7,28000,petrol,5,320
volkswagen,up!_gti,i3,999,115,196,8.8,,petrol,4,200
volkswagen,t-cross,i4,999,95,200,10.2,25000,petrol,5,250
volkswagen,id.5,electric,,174,180,8.4,45000,electric,5,310
volkswagen,id._buzz_cargo,electric,,204,,10.2,55000,electric,3,310
volkswagen,touareg_r,hybrid,2995,462,250,5.1,70000,hybrid,5,700
volkswagen,multivan,hybrid,1395,150,190,9.4,50000,petrol,7,350
volkswagen,polo_bluemotion,i3,1199,75,190,10.5,22000,diesel,5,250
volkswagen,golf_sportsvan,i4,1498,,210,8.9,30000,petrol,5,250
volkswagen,golf_alltrack,i4,1968,147,210,7.1,35000,petrol,5,350
volkswagen,scirocco_r,i4,1984,280,250,5.5,40000,petrol,4,350
volkswagen,tiguan_allspace,i4,1984,184,215,7.6,35000,petrol,7,320
volkswagen,arteon_4motion,i4,1984,190,250,5.6,48000,petrol,5,350
volkswagen,id.4_gtx,electric,,299,180,6.2,50000,electric,5,460
volkswagen,id.3_pro,electric,,204,160,7.3,35000,electric,5,
volkswagen,golf_variant,i4,1498,130,220,7.5,32000,petrol,5,320
volkswagen,crafter,i4,1968,102,160,13.0,,diesel,3,410
volkswagen,lupo,i3,1390,60,170,14.3,15000,petrol,4,
volkswagen,corrado,others,2861,190,235,6.4,,petrol,4,245
volkswagen,phaeton,v6,2967,240,250,6.1,85000,petrol,5,560
volkswagen,golf_cabriolet,i4,1197,105,217,8.4,,petrol,4,200
volkswagen,santana,i4,1498,110,190,12.9,15000,petrol,5,
volkswagen,polo_vivo,i4,,85,170,10.8,14000,petrol,5,
volkswagen,karmann_ghia,i4,1192,34,138,23.0,25000,petrol,2,
volkswagen,fox,i4,1198,55,148,17.5,12000,petrol,5,
volkswagen,vento,i4,1598,105,186,11.7,18000,petrol,5,153
volkswagen,golf_electric,electric,,136,140,10.4,33000,electric,5,290
volkswagen,bora,i4,1598,100,200,9.4,20000,petrol,5,220
volkswagen,teramont,v6,1984,235,190,8.6,32000,petrol,7,350
volkswagen,taos,i4,1498,158,193,8.4,24000,petrol,5,250
volkswagen,up!_cabriolet,i3,999,82,160,12.4,18000,petrol,4,
volkswagen,t-roc_cabriolet,i4,,115,205,9.6,,petrol,4,250
volkswagen,passat_cc,i4,1984,200,240,7.3,,petrol,5,280
volkswagen,transporter,i4,1968,184,180,12.2,35000,diesel,9,340
volkswagen,amarok_v6,v6,2967,204,191,7.9,45000,diesel,5,580
volkswagen,id.2,electric,,170,160,8.0,25000,electric,5,220
volkswagen,polo_tdi,i4,1390,75,190,9.9,20000,diesel,5,250
volkswagen,golf_gte,hybrid,1395,204,,7.6,40000,hybrid,5,350
volkswagen,touareg_v8,v8,3956,421,250,4.9,70000,petrol,5,770
volkswagen,beetle_dune,i4,1395,150,200,7.5,30000,petrol,4,250
volkswagen,passat_b8,i4,1498,150,210,8.7,28000,petrol,5,250
volkswagen,id.4_pro_s,electric,,201,,7.8,45000,electric,5,310
volkswagen,golf_cabriolet,i4,1197,105,217,8.4,30000,petrol,4,200
volkswagen,golf_country,i4,1781,98,165,12.0,25000,petrol,5,170
volkswagen,jetta_gli,i4,1984,228,250,6.5,31000,petrol,5,350
volkswagen,arteon_shooting_brake,i4,1984,150,250,5.6,50000,petrol,5,420
volkswagen,t-cross_r-line,i4,999,115,,8.5,27000,petrol,5,250
volkswagen,golf_r32,others,3189,240,250,6.2,40000,petrol,5,320
volkswagen,passat_b7,i4,1598,120,220,8.5,26000,petrol,5,280
volkswagen,scirocco_16v,i4,1781,137,220,7.1,35000,petrol,4,230
volkswagen,polo_bluemotion,i3,1199,75,190,10.5,20000,diesel,5,210
volkswagen,golf_variant_gtd,i4,1968,184,230,7.5,38000,diesel,5,380
volkswagen,polo_gti_r5,others,1598,272,200,4.1,45000,petrol,5,400
volkswagen,id._buzz_pro,electric,,204,145,10.2,60000,electric,7,310
volkswagen,jetta_hybrid,electric,1395,170,210,8.6,,hybrid,5,250
volkswagen,golf_variant_alltrack,i4,1968,150,220,7.8,35000,petrol,5,320
volkswagen,xl1,hybrid,800,68,160,11.9,150000,hybrid,2,
volkswagen,golf_tdi,i4,1968,150,220,8.0,28000,diesel,5,350
volkswagen,passat_variant,i4,,150,220,8.5,30000,petrol,5,280
volkswagen,polo_gti_clubsport,i4,1984,300,240,6.7,30000,petrol,5,320
volkswagen,jetta_hybrid,electric,1395,170,210,8.6,28000,hybrid,5,250
volkswagen,id.3_gtx,electric,,299,180,6.2,45000,electric,5,310
volkswagen,arteon_r-line,i4,1984,190,250,5.6,50000,petrol,5,420
volkswagen,golf_tgi,i4,1498,130,220,8.8,30000,petrol,5,200
volkswagen,scirocco_gts,i4,1984,220,246,6.5,35000,petrol,4,350
volkswagen,caddy_maxi,i4,1968,122,180,12.0,25000,diesel,,250
volkswagen,lupo_3l,i3,1199,61,165,14.5,20000,diesel,4,
volkswagen,polo_beats,i3,,95,187,9.5,22000,petrol,5,175
volkswagen,passat_hybrid,electric,1395,,210,7.4,32000,hybrid,5,330
volkswagen,golf_tcr,i4,1984,290,250,5.6,,petrol,5,370
volkswagen,tiguan_r-line,i4,1984,190,250,4.9,45000,petrol,5,420
volkswagen,sharan_business,i4,1968,150,200,8.3,35000,diesel,7,350
volkswagen,id._buzz_cargo_pro,electric,,,145,10.2,55000,electric,2,310
volkswagen,arteon_280_tsi,i4,1984,280,250,5.6,,petrol,5,350
volkswagen,jetta_gli_35th,i4,1984,228,250,6.5,31000,petrol,5,350
volkswagen,beetle_final_edition,i4,1984,174,205,7.0,25000,petrol,4,
volkswagen,golf_variant_tdi,i4,1968,150,220,7.8,30000,diesel,5,350
volkswagen,golf_4motion,i4,1968,150,250,4.9,40000,petrol,5,400
volkswagen,jetta_sportwagen,i4,1395,147,200,8.5,27000,petrol,5,250
volkswagen,polo_gti_plus,i4,1984,207,237,6.7,30000,petrol,5,320
volkswagen,touareg_v6,v6,2967,231,235,7.5,60000,petrol,5,450
volkswagen,tiguan_ehybrid,electric,,245,200,7.5,42000,hybrid,5,400
volkswagen,up!_e-up!,electric,,83,130,11.9,23000,electric,4,210
volkswagen,amarok_v8,v8,3996,310,210,7.4,70000,diesel,5,580
volkswagen,golf_r_cabriolet,i4,1984,265,250,5.9,45000,petrol,4,380
volkswagen,passat_alltrack_tdi,i4,1968,190,,8.0,,diesel,5,400
volkswagen,id._buzz_cargo_ev,electric,,204,145,10.2,55000,electric,2,310
nissan,versa,i4,,122,180,10.4,16700,petrol,5,154
nissan,micra,i3,999,100,175,10.8,15500,petrol,5,160
nissan,patrol_platinum,v8,5552,400,,7.3,77000,petrol,7,560
nissan,qashqai,i4,1332,156,195,8.9,26000,petrol,,260
nissan,murano,v6,3498,260,210,7.5,39000,petrol,5,325
nissan,maxima_platinum,v6,3498,,220,6.2,45000,petrol,5,353
nissan,armada,v8,5552,400,210,6.5,51000,petrol,8,560
nissan,kicks,i4,1598,122,180,10.7,20000,petrol,5,154
nissan,x-trail,i3,1498,201,200,8.0,29000,hybrid,5,305
nissan,z_(fairlady_z),v6,2997,400,250,4.5,,petrol,2,475
nissan,almera,i3,999,,185,10.7,14500,petrol,5,160
nissan,sylphy,i4,,137,190,9.6,18000,petrol,5,174
nissan,note,hybrid,1198,109,170,11.5,16000,hybrid,5,
nissan,sunny,i4,1598,118,180,11.0,15000,petrol,5,156
nissan,cube,i4,1798,122,175,10.6,14500,petrol,5,171
nissan,juke,i3,999,117,180,10.4,25000,petrol,5,180
nissan,terrano,i4,1461,110,168,13.5,15500,diesel,5,248
nissan,magnite,i3,999,100,160,13.0,12000,petrol,5,160
nissan,xterra,v6,3954,,200,7.8,,petrol,7,381
nissan,patrol,v8,,400,210,7.3,77000,petrol,7,560
nissan,gt-r_nismo,v6,3799,600,330,2.9,220000,petrol,2,652
nissan,370z_roadster,v6,,332,250,5.5,41820,petrol,2,366
nissan,ariya,electric,,389,200,5.1,,electric,5,600
nissan,patrol_royale,v8,5552,400,,6.6,85000,petrol,7,560
nissan,infiniti_qx80*,v8,5552,400,210,6.5,70600,petrol,7,560
nissan,tiida,i4,1598,126,190,10.1,14500,petrol,5,154
nissan,pulsar,i4,,115,190,10.7,19000,petrol,5,190
nissan,latio,i4,,102,175,11.5,13000,petrol,5,
nissan,bluebird_sylphy,i4,1997,133,185,10.5,18500,petrol,5,191
nissan,march,i3,1198,79,170,13.7,,petrol,5,
nissan,rogue_sport,i4,1997,141,190,9.8,24960,petrol,5,199
nissan,x-trail_hybrid,hybrid,1997,179,180,9.4,28500,hybrid,5,207
nissan,pathfinder_rock_creek,v6,3498,284,190,7.4,42820,petrol,7,351
nissan,armada_platinum,v8,5552,,210,6.5,,petrol,8,560
nissan,terrano_xl,i4,1598,104,165,12.5,,petrol,5,
nissan,gt-r50_by_italdesign,v6,3799,720,315,2.5,1100000,petrol,2,780
nissan,370z_nismo,v6,3696,350,250,5.2,45790,petrol,2,374
nissan,ariya_e-4orce,electric,,389,200,5.1,60000,electric,5,600
nissan,patrol_nismo,v8,5552,428,210,6.5,105000,petrol,7,560
nissan,infiniti_q60*,v6,2997,300,250,5.0,41750,petrol,4,400
nissan,primera,i4,1998,140,200,9.6,20000,petrol,5,190
nissan,skyline,v6,2997,400,250,5.0,50000,petrol,5,475
nissan,cedric,others,1998,150,190,10.5,22000,petrol,5,190
nissan,gloria,v6,2498,210,210,8.6,30000,petrol,5,250
nissan,stanza,i4,1796,120,175,11.0,18500,petrol,5,170
nissan,patrol_super_safari,others,4750,280,190,8.2,55000,petrol,7,451
nissan,pathfinder_hybrid,hybrid,2488,250,190,7.7,42500,hybrid,,329
nissan,x-terra_pro-4x,i4,,190,175,10.8,40000,petrol,7,240
nissan,rogue_platinum,i3,1497,201,180,8.2,38000,petrol,5,300
nissan,qashqai_tekna,hybrid,1332,158,190,9.2,36000,hybrid,5,270
nissan,gt-r_v-spec,v6,3799,600,330,2.8,175000,petrol,2,652
nissan,skyline_nismo,v6,2997,420,270,4.7,55000,petrol,,475
nissan,ariya_lounge_edition,electric,,389,200,5.1,63000,electric,5,600
nissan,patrol_titanium,v8,5552,428,210,6.5,98000,petrol,7,560
nissan,infiniti_fx50*,v8,5026,390,,5.6,61750,petrol,5,500
nissan,avenir,i4,1998,140,180,9.8,20000,petrol,5,186
nissan,wingroad,i4,1798,125,175,10.8,18000,petrol,5,168
nissan,presea,i4,1838,115,170,11.5,,petrol,5,161
nissan,leopard,v6,2960,210,200,8.4,32000,petrol,5,265
nissan,sunny_nismo_edition,i4,1598,190,,7.5,24000,petrol,5,240
nissan,paladin,i4,2438,150,180,10.6,20000,petrol,5,217
nissan,hardbody_suv,i4,2498,158,175,11.0,18500,petrol,5,225
nissan,patrol_desert_edition,v8,5552,428,210,6.5,95000,petrol,7,560
nissan,pathfinder_armada,v8,5552,400,,6.5,60000,petrol,7,560
nissan,rogue_midnight_edition,i3,,201,180,8.2,39000,petrol,,300
nissan,gt-r_black_edition,v6,,600,330,2.8,185000,petrol,2,652
nissan,fairlady_z_heritage,v6,2997,400,250,4.2,48000,petrol,2,475
nissan,skyline_gt-r_r34,others,2568,276,250,5.6,70000,petrol,4,392
nissan,ariya_premiere,electric,,389,200,5.1,67000,electric,5,600
nissan,infiniti_qx55*,i4,1997,,230,6.5,50000,petrol,5,380
nissan,nv350_caravan,i4,2488,129,155,12.5,28000,diesel,8,356
nissan,navara,i4,2298,190,,10.2,32000,diesel,5,450
nissan,titan_xd,v8,5552,400,195,6.9,55000,petrol,6,560
nissan,evalia,i4,,85,140,15.0,25000,diesel,7,200
nissan,cabstar,i4,2488,130,145,14.8,27000,diesel,3,350
nissan,cherry,i4,1397,67,145,14.0,14000,petrol,5,
nissan,laurel,others,2825,94,160,12.5,22000,diesel,5,184
nissan,silvia,i4,1998,247,235,5.9,45000,petrol,4,275
nissan,nx_coupe,i4,1998,140,200,9.0,22000,petrol,4,180
nissan,ad_wagon,i4,1498,105,165,12.3,,petrol,5,
nissan,patrol_super_safari_y61,others,4750,280,190,8.2,58000,petrol,7,451
nissan,pathfinder_rock_creek_edition,v6,3498,284,195,7.2,44000,petrol,7,351
nissan,terrano_ii,i4,2664,125,160,12.9,28000,diesel,5,278
nissan,murano_crosscabriolet,v6,3498,260,195,7.6,47000,petrol,4,325
nissan,x-trail_tekna,hybrid,1497,204,190,8.0,,hybrid,5,305
nissan,gt-r_lm_nismo,hybrid,3000,500,320,3.0,,hybrid,2,650
nissan,skyline_400r,v6,2997,400,250,4.5,70000,petrol,5,475
nissan,infiniti_g37*,v6,3696,328,250,5.5,42000,petrol,5,365
nissan,patrol_black_edition,v8,5552,400,200,6.5,85000,petrol,,560
nissan,ariya_empower+,electric,,389,200,5.1,68000,electric,5,600
nissan,datsun_510_(classic),i4,1595,96,175,10.2,,petrol,4,
nissan,200sx,i4,1998,200,240,7.2,,petrol,4,265
nissan,300zx,v6,2960,300,250,5.9,,petrol,4,384
nissan,r390_gt1_road_car,v8,3495,550,354,3.3,,petrol,2,637
nissan,figaro,i4,987,76,170,12.8,20000,petrol,4,
nissan,hardbody_truck,i4,2389,134,160,10.6,25000,petrol,5,206
nissan,atlas,i4,2999,130,130,18.0,35000,diesel,3,300
nissan,clipper,i3,659,48,110,18.5,10000,petrol,4,
nissan,nv200,i4,1998,131,140,14.0,28000,petrol,7,188
nissan,violet,i4,1770,85,155,13.8,18000,petrol,5,
nissan,bluebird_z,i4,1998,140,190,11.0,23000,petrol,5,180
nissan,stanza_wagon,i4,2389,138,160,12.0,22000,petrol,7,205
nissan,180sx,i4,1998,205,240,6.8,35000,petrol,4,275
nissan,sunny_california,i4,1597,110,170,11.0,18000,petrol,5,
nissan,patrol_warrior,v8,5552,428,205,6.3,95000,petrol,7,580
nissan,pathfinder_armada_platinum,v8,5552,400,190,6.8,70000,petrol,7,560
nissan,rogue_sport_sl,i4,1998,141,190,9.0,32000,petrol,5,195
nissan,x-trail_platinum_edition,hybrid,1497,204,190,8.0,,hybrid,5,305
nissan,qashqai_e-power,hybrid,1497,187,200,7.5,40000,hybrid,5,
nissan,gt-r_egoist,v6,3799,565,315,2.8,220000,petrol,2,637
nissan,infiniti_m45*,v8,4494,325,,5.8,50000,petrol,5,451
nissan,skyline_50th_anniversary,v6,2997,400,250,4.5,75000,petrol,5,475
nissan,ariya_dual_motor_awd,electric,,389,200,5.1,70000,electric,5,600
nissan,patrol_legend_edition,v8,5552,428,205,6.3,95000,petrol,7,580
nissan,datsun_240z_(classic),others,2393,151,210,8.0,45000,petrol,2,198
nissan,100nx,i4,1597,110,185,9.6,,petrol,4,
nissan,cedric_special_edition,v6,2960,250,225,8.5,60000,petrol,5,330
nissan,300zx_turbo,v6,2960,,250,5.9,55000,petrol,4,384
nissan,silvia_s15_spec-r,i4,1998,250,240,5.6,35000,petrol,4,300
nissan,nv400,i4,2298,135,150,15.0,40000,diesel,3,360
nissan,titan_warrior,v8,5552,400,180,7.0,55000,petrol,5,560
nissan,caravan_coach,i4,2498,127,140,14.0,30000,diesel,7,260
nissan,serena_e-power,hybrid,1198,134,160,12.0,35000,hybrid,7,320
nissan,elgrand,v6,3498,280,200,8.5,,petrol,7,344
nissan,datsun_510,i4,1595,96,175,10.2,25000,petrol,4,
nissan,prairie,i4,1998,120,175,11.0,,petrol,5,170
nissan,pulsar_gti-r,i4,1998,230,225,6.0,30000,petrol,5,280
nissan,almera_tino,i4,1769,114,180,12.5,15000,petrol,5,160
nissan,lucino,i4,1597,115,185,10.5,12000,petrol,5,
nissan,rasheen,i4,1497,105,165,13.0,10000,petrol,5,
nissan,mistral,others,2663,125,160,12.5,25000,diesel,7,260
nissan,patrol_y60,others,4169,155,160,12.0,45000,diesel,7,330
nissan,x-trail_gt,i4,1998,280,215,6.4,38000,petrol,5,310
nissan,terrano_regulus,v6,3275,170,175,10.0,28000,petrol,5,290
nissan,president,v8,4494,280,210,7.5,70000,petrol,5,400
nissan,cima,v8,4130,270,210,8.0,,petrol,5,390
nissan,leopard_j._ferie,v6,2960,255,215,6.5,45000,petrol,5,340
nissan,gloria_gran_turismo,v6,2960,255,220,6.5,50000,petrol,5,340
nissan,infiniti_q45*,v8,4494,340,240,6.2,,petrol,5,450
nissan,datsun_240z,others,2393,151,210,8.0,45000,petrol,2,198
nissan,280zx,others,2753,145,205,9.5,35000,petrol,2,210
nissan,silvia_s13,i4,1809,175,215,6.8,20000,petrol,4,230
nissan,200sx,i4,1998,200,225,7.0,25000,petrol,,260
nissan,nx_coupe,i4,1839,140,200,9.0,,petrol,4,180
nissan,nv2500,v6,3954,261,160,10.0,36000,petrol,2,385
nissan,nv3500,v8,5552,375,170,9.0,42000,petrol,2,
nissan,nt400_cabstar,i4,2953,150,140,15.0,,diesel,3,350
porsche,panamera,v6,2894,330,270,5.6,88000,petrol,4,450
porsche,panamera_4,v6,2894,330,270,5.4,92000,petrol,4,450
porsche,panamera_4s,v6,2894,440,289,4.4,105000,petrol,4,550
porsche,panamera_turbo_s,v8,3996,,315,3.1,180000,petrol,4,820
porsche,panamera_gts,v8,3996,473,300,3.9,130000,petrol,4,620
porsche,panamera_platinum_edition,v6,2894,330,270,5.4,102000,petrol,4,450
porsche,panamera_e-hybrid,electric,,455,280,4.4,115000,petrol,4,700
porsche,panamera_4_e-hybrid_sport_turismo,electric,,455,,4.4,120000,petrol,4,700
porsche,panamera_turbo_s_e-hybrid,electric,,690,315,3.2,190000,petrol,4,870
porsche,panamera_4_executive,v6,2894,330,270,5.6,95000,petrol,4,450
porsche,cayenne,v6,2995,335,245,5.9,,petrol,5,450
porsche,cayenne_coupe,v6,2995,335,245,6.0,85000,petrol,,450
porsche,cayenne_s,v6,2894,434,265,5.0,95000,petrol,5,
porsche,cayenne_turbo,v8,3996,541,286,4.0,130000,petrol,5,770
porsche,cayenne_gts,v8,3996,453,270,4.5,110000,petrol,5,620
porsche,cayenne_turbo_s_e-hybrid,electric,,670,295,3.6,170000,petrol,5,900
porsche,macan,i4,1984,261,232,6.2,60000,petrol,5,400
porsche,macan_s,v6,2894,375,259,4.8,75000,petrol,5,520
porsche,macan_gts,v6,2894,434,272,4.5,85000,petrol,,550
porsche,macan_t,i4,1984,261,232,6.2,65000,petrol,,400
porsche,911_carrera,boxer,2981,379,,4.2,110000,petrol,4,450
porsche,911_carrera_s,boxer,2981,443,308,3.5,131300,petrol,4,528
porsche,911_carrera_4,boxer,2981,379,,4.2,106500,petrol,4,450
porsche,911_carrera_4s,boxer,2981,443,306,3.4,113300,petrol,4,528
porsche,911_targa_4,boxer,2981,379,289,4.4,121300,petrol,4,450
porsche,911_turbo,boxer,3745,572,320,2.7,197200,petrol,4,750
porsche,911_turbo_s,boxer,3745,640,330,2.6,,petrol,4,800
porsche,911_gt3,boxer,3996,,318,3.4,161100,petrol,2,469
porsche,911_gt3_rs,boxer,3996,,296,3.2,241300,petrol,2,465
porsche,911_dakar,boxer,2981,473,240,3.4,222000,petrol,2,570
porsche,taycan,electric,,402,230,5.4,86700,electric,4,344
porsche,taycan_4s,electric,,522,250,4.0,103800,electric,4,640
porsche,taycan_turbo,electric,,670,260,3.2,150900,electric,4,850
porsche,taycan_turbo_s,electric,,750,260,2.8,185000,electric,4,1050
porsche,taycan_gts,electric,,590,250,3.5,132750,electric,4,850
porsche,taycan_cross_turismo,electric,,469,220,4.8,97700,electric,5,
porsche,taycan_sport_turismo,electric,,509,240,4.1,,electric,5,650
porsche,718_cayman,boxer,1988,300,275,4.9,63400,petrol,2,380
porsche,718_cayman_s,boxer,2497,350,285,4.4,75400,petrol,2,420
porsche,718_cayman_gt4,boxer,,414,,4.2,100200,petrol,2,420
porsche,718_cayman_gt4_rs,boxer,3996,493,315,3.2,141700,petrol,2,450
porsche,718_boxster,boxer,1988,300,275,4.9,65500,petrol,2,380
porsche,718_boxster_t,boxer,1988,300,275,4.7,69600,petrol,2,380
porsche,718_boxster_gts,boxer,3995,394,293,4.3,,petrol,2,430
porsche,718_spyder,boxer,3995,414,301,4.1,98300,petrol,2,420
porsche,panamera_base,v6,2894,325,265,5.6,92300,petrol,4,450
porsche,panamera_4_e-hybrid,electric,2894,462,280,4.4,113300,hybrid,4,700
porsche,panamera_4_sport_turismo,v6,2894,325,265,5.5,101400,petrol,4,450
porsche,panamera_turbo_s_e-hybrid_sport_turismo,electric,3996,690,315,3.2,200200,hybrid,4,870
porsche,panamera_4s_e-hybrid_executive,electric,,560,295,3.7,128900,hybrid,4,750
porsche,panamera_platinum_edition,v6,2894,325,265,5.6,,petrol,4,450
porsche,panamera_gts_sport_turismo,v8,3996,473,300,3.9,136900,petrol,4,620
porsche,panamera_turbo_executive,v8,3996,550,306,3.8,175200,petrol,4,770
porsche,panamera_turbo_s_exclusive_series,v8,,570,310,3.8,290000,petrol,4,800
porsche,panamera_4s,v6,2894,443,289,4.1,105000,petrol,4,550
porsche,macan_base,i4,1984,265,232,6.4,58000,petrol,5,400
porsche,macan_t,i4,1984,265,233,6.2,63000,petrol,5,400
porsche,macan_s,v6,2894,375,259,4.6,70400,petrol,5,520
porsche,macan_gts,v6,2894,434,272,4.3,82900,petrol,5,550
porsche,macan_ev,electric,,603,240,4.0,85000,electric,5,750
porsche,cayenne_base,v6,2995,335,245,5.9,72200,petrol,5,450
porsche,cayenne_e-hybrid,electric,2995,455,253,4.8,91000,hybrid,5,700
porsche,cayenne_s_coupe,v6,2894,434,263,4.7,94300,petrol,,550
porsche,cayenne_turbo_gt,v8,3996,631,300,3.3,182150,petrol,4,850
porsche,cayenne_platinum_edition,v6,2995,335,245,5.8,79000,petrol,5,450
porsche,cayenne_turbo_s_e-hybrid_coupe,electric,3996,670,295,3.6,167800,hybrid,4,900
porsche,cayenne_gts_coupe,v8,3996,453,270,4.5,,petrol,4,620
porsche,cayenne_diesel_(regional_markets),v6,2967,262,221,7.3,69000,diesel,5,580
porsche,cayenne_s_hybrid,electric,2995,380,242,6.5,85500,hybrid,5,580
porsche,cayenne_coupe_turbo_e-hybrid,electric,3996,728,295,3.6,182900,hybrid,4,950
porsche,taycan_base,electric,,321,230,5.4,86700,electric,4,345
cadillac,ct4,i4,2000,237,250,6.0,34395,petrol,5,350
cadillac,ct4-v,i4,2700,325,260,4.9,46595,petrol,5,500
cadillac,ct5,i4,2000,237,240,6.6,38195,petrol,5,350
cadillac,ct5-v,v6,3000,360,250,4.6,50995,petrol,5,550
porsche,taycan_cross_turismo_4,electric,,375,240,5.1,94800,electric,4,500
porsche,taycan_cross_turismo_gts,electric,,590,250,3.8,139400,electric,4,620
porsche,taycan_sport_turismo_base,electric,,375,230,5.4,,electric,4,500
porsche,taycan_sport_turismo_gts,electric,,590,250,3.7,136700,electric,4,620
porsche,taycan_turbo_s_cross_turismo,electric,934,750,260,2.9,190000,electric,4,1050
porsche,911_carrera_base,boxer,2981,379,293,4.2,106100,petrol,4,450
porsche,911_carrera_s_cabriolet,boxer,2981,443,304,3.9,129900,petrol,4,530
porsche,911_carrera_4,boxer,2981,379,293,4.4,113300,petrol,4,450
porsche,911_carrera_4_gts,boxer,2981,473,311,3.3,137000,petrol,4,570
porsche,911_targa_4_gts,boxer,2981,,307,3.5,157300,petrol,4,570
porsche,911_turbo_cabriolet,boxer,3745,572,320,2.9,,petrol,4,750
porsche,911_turbo_s_coupe,boxer,3745,640,330,2.7,207000,petrol,4,800
porsche,911_gt3_touring,boxer,3996,502,318,3.9,170000,petrol,2,470
porsche,911_gt3_rs_clubsport,boxer,3996,525,296,3.2,223800,petrol,2,465
porsche,911_dakar_limited_edition,boxer,2981,473,240,3.4,222000,petrol,4,570
porsche,911_carrera_gts_lightweight,boxer,2981,473,311,3.2,,petrol,4,570
porsche,911_targa_4_lightweight,boxer,2981,379,289,4.3,135500,petrol,4,450
porsche,911_turbo_exclusive_series,boxer,3745,607,330,2.9,258000,petrol,4,750
porsche,911_gt2_rs,boxer,3745,700,340,2.8,293200,petrol,2,750
porsche,911_gt3_cup,boxer,3996,510,290,3.4,245000,petrol,1,470
porsche,911_gt4_rs,boxer,3996,500,315,3.4,222000,petrol,2,450
porsche,911_rsr_(motorsport_edition),boxer,4194,515,296,3.1,750000,petrol,1,480
porsche,911_sport_turismo,boxer,2981,379,293,4.4,,petrol,4,450
porsche,911_turbo_cabriolet_lightweight,boxer,3745,572,318,3.0,191300,petrol,4,750
porsche,911_dakar_sport,boxer,2981,473,240,3.5,233000,petrol,4,570
tata_motors,tiago,i3,1199,86,170,13.0,8200,petrol,,
tata_motors,tiago_ev,others,,74,120,5.7,11000,electric,5,
tata_motors,altroz,others,1199,86,170,12.0,10400,petrol,5,
tata_motors,altroz_dca,i3,,86,170,12.5,11300,petrol,,
tata_motors,altroz_iturbo,others,1199,110,180,10.0,12000,petrol,5,
tata_motors,altroz_cng,others,1199,86,165,12.0,11800,petrol,5,
tata_motors,tiago_nrg,i3,1199,86,170,13.5,,petrol,5,
tata_motors,nano_genx,others,624,37,105,29.0,4000,petrol,4,
tata_motors,indica_ev2,others,1396,70,155,16.0,6200,diesel,5,
tata_motors,indica_v2_xeta,others,1193,65,140,16.0,5000,petrol,5,
tata_motors,tigor,i3,1199,86,170,13.0,9400,petrol,5,
tata_motors,tigor_ev,others,,74,120,5.7,14500,electric,5,
tata_motors,zest,others,,75,165,15.0,8700,petrol,5,190
tata_motors,indigo_ecs,others,1396,70,155,16.5,6500,diesel,5,
cadillac,escalade,v8,6200,420,210,6.8,,petrol,7,624
tata_motors,indigo_marina,others,1396,70,150,17.0,8300,petrol,5,
tata_motors,manza,others,,75,160,14.0,9000,petrol,5,200
tata_motors,indigo_lx,others,1396,70,150,17.0,7000,diesel,5,
tata_motors,indigo_glx,others,1396,,160,15.0,7200,petrol,5,
cadillac,escalade_esv,v8,6200,420,205,6.9,82295,petrol,7,624
tata_motors,nexon,others,1199,118,180,10.0,14000,petrol,5,170
tata_motors,nexon_ev_max,others,,143,140,9.0,25000,electric,5,250
tata_motors,harrier,others,1956,168,180,11.0,23000,diesel,5,350
tata_motors,safari,others,1956,168,180,11.0,25500,diesel,7,350
tata_motors,punch,others,1199,86,160,16.0,10500,petrol,5,
tata_motors,hexa,others,2179,,180,12.0,20000,diesel,7,400
tata_motors,aria,others,2179,138,162,13.0,19000,diesel,7,320
tata_motors,sumo_gold,others,2956,85,125,17.6,15000,diesel,7,250
tata_motors,sumo_grande,others,2179,118,,15.0,,diesel,7,250
tata_motors,nexon_ev_prime,others,,129,120,9.4,22000,electric,5,245
tata_motors,tiago_ev,others,,74,120,5.7,11000,electric,5,
tesla,model_s,electric,,670,250,3.1,88490,electric,5,967
tesla,model_s_plaid,electric,,,322,2.1,108490,electric,5,1400
tesla,model_3,electric,,283,225,5.8,40240,electric,5,420
tesla,model_3_performance,electric,,450,261,3.1,53240,electric,5,660
tesla,model_x,electric,,670,250,3.8,,electric,7,967
tesla,model_x_plaid,electric,,,262,2.6,113490,electric,6,
tesla,model_y,electric,,346,217,5.0,,electric,5,498
tesla,model_y_long_range,electric,,384,217,4.8,,electric,5,559
tesla,cybertruck,electric,,800,209,2.9,69900,electric,6,
tesla,roadster_2,electric,,1288,402,1.9,200000,electric,4,
jeep,wrangler,v6,3600,285,180,6.8,35195,petrol,4,353
jeep,wrangler_rubicon,i4,2000,270,180,7.1,42100,petrol,4,400
jeep,grand_cherokee,v6,3600,293,209,7.0,41530,petrol,5,352
jeep,grand_cherokee_l,v6,3600,293,209,7.2,43530,petrol,7,352
jeep,cherokee,i4,2400,180,195,8.5,37695,petrol,5,230
jeep,compass,others,2000,200,200,7.8,31590,petrol,5,320
jeep,renegade,i4,1300,177,200,8.7,28345,petrol,5,285
jeep,gladiator,v6,3600,285,177,8.1,,petrol,5,353
jeep,wagoneer,v8,5700,392,190,7.4,63595,petrol,8,548
jeep,grand_wagoneer,v8,6400,471,190,6.0,91495,petrol,8,617
jeep,grand_cherokee_4xe,hybrid,,375,210,6.0,59865,hybrid,5,637
jeep,wrangler_4xe,hybrid,,375,180,6.4,50695,hybrid,5,637
jeep,compass_4xe,hybrid,,240,200,7.3,46500,hybrid,5,270
jeep,renegade_4xe,hybrid,,240,,7.5,44500,hybrid,5,270
mazda,2,i4,1500,108,180,10.2,17000,petrol,5,
jeep,wagoneer_s_(electric),electric,,600,177,4.5,80000,electric,5,850
jeep,gladiator_mojave_edition,v6,3600,285,177,8.6,51570,petrol,5,353
jeep,grand_cherokee_summit_reserve,v8,5700,,190,7.3,66575,petrol,5,529
jeep,cherokee_x_edition,v6,3200,271,195,7.6,41295,petrol,5,324
jeep,wrangler_392,v8,6400,470,160,4.5,82495,petrol,4,637
cadillac,xt4,i4,2000,235,220,7.6,37490,petrol,5,350
cadillac,xt5,v6,3600,310,210,6.5,44195,petrol,5,366
cadillac,xt6,v6,3600,310,210,6.9,48595,petrol,7,366
cadillac,lyriq_ev,electric,,340,190,5.7,58590,electric,5,440
cadillac,escalade_v,v8,6200,682,200,4.4,149990,petrol,7,885
cadillac,escalade_platinum,v8,6200,420,210,6.8,104595,petrol,7,624
cadillac,ct5-v_blackwing,v8,6200,668,320,3.4,,petrol,5,893
cadillac,ct4-v_blackwing,v6,3600,472,290,3.9,60495,petrol,5,603
cadillac,xt4_sport,i4,2000,235,220,7.4,41390,petrol,5,350
cadillac,xt5_sport,v6,3600,310,210,6.5,51095,petrol,5,366
cadillac,xt6_sport,v6,3600,310,210,6.9,,petrol,7,366
cadillac,lyriq_launch_edition,electric,,340,190,5.7,59990,electric,5,440
cadillac,lyriq_ev_premium,electric,,500,210,4.5,64990,electric,5,620
cadillac,ct5_premium_luxury,i4,2000,237,240,6.8,41290,petrol,5,350
chevrolet,spark,i4,1400,98,180,10.7,14595,petrol,5,
chevrolet,sonic,i4,1400,138,190,8.5,16720,petrol,5,200
chevrolet,malibu,i4,1500,,210,8.0,25000,petrol,5,250
chevrolet,camaro,i4,2000,275,240,5.4,26400,petrol,4,400
chevrolet,corvette,v8,6200,495,312,3.0,65895,petrol,2,637
chevrolet,traverse,v6,3600,310,210,7.0,35915,petrol,7,360
chevrolet,equinox,i4,1500,170,200,8.9,26600,petrol,5,275
chevrolet,blazer,v6,3600,,220,6.6,44000,petrol,5,366
chevrolet,tahoe,v8,5300,355,200,7.5,56995,petrol,7,519
chevrolet,suburban,v8,5300,355,190,7.6,59900,petrol,8,519
chevrolet,colorado,i4,2700,310,190,6.8,30695,petrol,5,583
chevrolet,silverado_1500,v8,5300,355,180,7.0,42795,petrol,6,519
chevrolet,silverado_2500hd,v8,,401,170,8.0,41500,petrol,6,629
chevrolet,silverado_3500hd,v8,6600,445,160,8.5,45500,diesel,6,1234
chevrolet,bolt_ev,electric,,200,150,6.5,27495,electric,5,360
chevrolet,bolt_euv,electric,,,150,7.0,,electric,5,360
chevrolet,trailblazer,i3,1300,155,200,9.4,23100,petrol,5,236
chevrolet,malibu_premier,i4,2000,250,240,5.8,33500,petrol,5,353
chevrolet,camaro_zl1,v8,6200,650,318,3.5,67300,petrol,4,881
chevrolet,corvette_stingray,v8,6200,495,312,3.0,65895,petrol,2,637
chevrolet,silverado_1500_high_country,v8,5300,,180,7.0,61595,petrol,6,519
chevrolet,silverado_1500_trail_boss,v8,5300,355,,7.0,55895,petrol,6,519
chevrolet,silverado_1500_rst,v8,5300,355,,7.1,,petrol,6,519
chevrolet,colorado_zr2,i4,2800,181,160,9.1,48295,diesel,5,500
chevrolet,traverse_premier,v6,3600,310,210,7.0,,petrol,,360
chevrolet,equinox_premier,i4,1500,170,200,8.8,33400,petrol,5,275
chevrolet,blazer_rs,v6,3600,308,220,6.6,48900,petrol,5,366
chevrolet,bolt_ev_2lt,electric,,200,150,6.7,,electric,5,360
chevrolet,camaro_ss,v8,6200,455,290,4.3,43500,petrol,4,617
chevrolet,corvette_grand_sport,v8,6200,460,290,3.9,,petrol,2,630
chevrolet,traverse_rs,v6,,310,210,7.0,43700,petrol,7,360
chevrolet,blazer_premier,v6,3600,308,220,6.6,45000,petrol,,366
chevrolet,malibu_lt,i4,1500,160,210,8.5,25800,petrol,5,250
chevrolet,spark_activ,i4,1400,98,180,11.0,17595,petrol,5,
chevrolet,trax_lt,i3,1200,137,200,9.2,,petrol,5,220
chevrolet,equinox_lt,i4,1500,,,8.9,,petrol,5,275
chevrolet,silverado_3500hd_high_country,v8,6600,445,160,8.5,75700,diesel,6,1234
chevrolet,colorado_wt,i4,2700,310,190,6.9,29200,petrol,5,583
chevrolet,suburban_high_country,v8,,420,200,7.0,82400,petrol,8,624
chevrolet,silverado_custom,v6,4300,285,180,8.5,33900,petrol,6,413
chevrolet,spark_ls,i4,1400,,,10.9,14395,petrol,5,
chevrolet,traverse_lt,v6,3600,310,210,7.1,37200,petrol,7,360
chevrolet,blazer_lt,i4,2500,193,200,9.0,36100,petrol,5,255
chevrolet,malibu_premier,i4,2000,250,240,5.8,,petrol,5,353
chevrolet,equinox_rs,i4,,170,200,8.8,,petrol,5,275
chevrolet,silverado_1500_custom,v6,4300,285,180,8.6,34900,petrol,6,413
chevrolet,silverado_2500hd_ltz,v8,6600,445,160,8.4,56400,diesel,6,1234
chevrolet,tahoe_rst,v8,5300,355,180,7.4,64100,petrol,7,519
chevrolet,suburban_lt,v8,5300,355,180,5.1,,petrol,8,519
chevrolet,bolt_ev_premier,electric,,200,150,6.5,31700,electric,5,360
chevrolet,tahoe_ls,v8,5300,355,180,7.5,56995,petrol,8,519
chevrolet,tahoe_lt,v8,5300,,180,7.4,62495,petrol,8,519
chevrolet,tahoe_rst,v8,5300,,,7.4,64100,petrol,7,519
chevrolet,tahoe_z71,v8,5300,,180,7.6,,petrol,7,519
chevrolet,tahoe_premier,v8,6200,,200,6.8,71600,petrol,7,624
chevrolet,tahoe_high_country,v8,6200,420,200,6.7,76700,petrol,7,624
chevrolet,tahoe_midnight_edition,v8,5300,355,180,7.5,,petrol,8,519
chevrolet,tahoe_sport_edition,v8,6200,420,200,6.8,70000,petrol,7,624
gmc,terrain,i4,1500,175,190,9.5,29900,petrol,5,275
gmc,acadia,i4,,228,200,7.8,36800,petrol,7,350
gmc,yukon,v8,5300,355,180,7.4,57400,petrol,8,519
gmc,yukon_xl,v8,6200,420,,6.9,,petrol,8,624
gmc,canyon,i4,2700,310,190,7.6,36900,petrol,5,
gmc,sierra_1500,v8,5300,355,180,7.3,37100,petrol,6,
gmc,sierra_2500hd,v8,6600,401,175,7.5,43900,diesel,6,629
gmc,sierra_3500hd,v8,6600,445,175,7.4,49000,diesel,6,1234
gmc,hummer_ev_pickup,electric,,625,170,3.0,108700,electric,5,1000
gmc,hummer_ev_suv,electric,,625,170,3.5,105600,electric,5,1000
gmc,yukon_denali,v8,6200,420,200,6.8,72800,petrol,8,624
gmc,sierra_denali,v8,6200,420,190,6.7,66800,petrol,6,624
gmc,terrain_at4,i4,1500,175,190,9.6,36500,petrol,5,275
gmc,acadia_at4,v6,3600,310,210,7.6,41400,petrol,6,366
gmc,sierra_1500_at4,v8,5300,355,180,7.4,53800,petrol,6,519
gmc,sierra_2500hd_denali,v8,6600,401,175,7.5,72200,diesel,6,1234
gmc,sierra_elevation,i4,2700,310,190,7.6,45000,petrol,5,583
gmc,canyon_at4,i4,2700,310,190,7.5,43900,petrol,5,583
gmc,canyon_denali,i4,2700,310,190,7.5,48000,petrol,5,583
gmc,yukon_xl_denali_ultimate,v8,6200,420,200,6.7,93800,petrol,8,624
gmc,terrain_denali,i4,1500,175,190,9.5,,petrol,5,275
gmc,acadia_denali,v6,3564,310,210,6.5,54300,petrol,7,366
gmc,yukon_at4,v8,5327,355,210,7.1,71505,petrol,8,519
gmc,yukon_xl_at4,v8,5327,355,210,7.3,73305,petrol,8,519
gmc,sierra_1500_elevation,others,2713,310,180,7.0,52000,petrol,5,569
gmc,sierra_1500_slt,v8,5327,355,180,6.8,56000,petrol,5,519
gmc,sierra_2500hd_at4,v8,,401,170,7.5,70000,petrol,5,629
gmc,sierra_3500hd_at4,v8,6600,401,170,7.7,72000,petrol,5,629
gmc,canyon_elevation,i4,2488,200,175,8.5,36300,petrol,5,259
gmc,canyon_denali_black_edition,v6,3564,308,180,6.9,44000,petrol,5,373
gmc,sierra_1500_denali_ultimate,v8,6162,420,200,5.8,80000,petrol,5,624
gmc,yukon_xl_denali_reserve,v8,6162,420,210,6.0,82000,petrol,7,624
gmc,terrain_elevation_edition,i4,1490,170,200,9.3,28700,petrol,5,275
gmc,acadia_black_edition,v6,3564,310,210,6.5,45000,petrol,7,366
gmc,hummer_ev_suv_edition_1,electric,,830,170,3.5,96550,electric,5,
gmc,hummer_ev_pickup_edition_1,electric,,,170,3.0,96550,electric,,
gmc,sierra_denali_carbonpro,v8,6162,420,200,5.8,65000,petrol,5,624
gmc,yukon_denali_performance,v8,6162,420,210,6.0,76805,petrol,,624
gmc,sierra_2500hd_denali_black_edition,v8,6600,401,170,7.5,75000,petrol,5,629
gmc,canyon_at4x,v6,3564,308,180,6.9,50000,petrol,5,373
gmc,yukon_xl_slt,v8,5327,355,210,7.3,65000,petrol,8,519
gmc,sierra_1500_pro,v6,4300,285,180,7.5,37700,petrol,3,413
gmc,sierra_2500hd_pro,v8,6600,401,170,7.7,60000,petrol,3,629
gmc,sierra_3500hd_pro,v8,6600,401,170,7.8,62000,petrol,3,629
gmc,terrain_slt,i4,1490,170,200,9.4,31000,petrol,5,275
gmc,acadia_sle,v6,3564,310,210,6.6,40000,petrol,7,366
gmc,canyon_slt,i4,2488,200,175,8.6,38000,petrol,5,
gmc,yukon_xl_elevation,v8,5327,355,210,7.4,75000,petrol,8,519
gmc,sierra_1500_at4x,v8,6162,420,200,5.9,82000,petrol,5,624
gmc,hummer_ev_suv_extreme_off-road,electric,,830,170,3.6,110000,electric,5,
gmc,sierra_ev_denali,electric,,754,170,4.5,108700,electric,5,
gmc,hummer_ev_omega_edition,electric,,,170,3.0,,electric,5,
gmc,canyon_at4x_edition_1,v6,3564,308,180,6.8,55000,petrol,5,373
gmc,yukon_denali_ultimate_black,v8,6162,420,210,6.0,90000,petrol,8,624
gmc,sierra_hd_denali_reserve,v8,6600,401,,7.5,85000,petrol,5,629
gmc,acadia_denali_ultimate,v6,3564,310,210,6.5,60000,petrol,7,366
gmc,terrain_all-terrain_edition,i4,1490,,200,9.3,35000,petrol,5,275
gmc,yukon_trailering_edition,v8,5327,355,210,7.5,,petrol,8,519
gmc,hummer_ev_adventure_series,electric,,830,170,3.6,105000,electric,5,
kia,rio,i4,1591,120,180,10.3,17000,petrol,5,151
kia,rio_5-door,i4,1591,120,180,10.3,18000,petrol,5,151
kia,seltos_nightfall_edition,i4,1591,175,210,7.5,28000,petrol,5,264
peugeot,508_pse_(_sport_engineered),electric,1599,360,250,5.2,55000,hybrid,5,520
kia,sorento_x-line,i4,2500,277,220,7.0,42000,petrol,7,421
kia,telluride_sx,v6,3778,291,240,7.0,50000,petrol,7,355
kia,forte_lxs,i4,1999,147,,9.2,19000,petrol,5,179
kia,k5_ex,i4,1591,180,220,7.8,28500,petrol,5,264
kia,niro_plug-in_hybrid,hybrid,1591,139,180,10.5,33000,hybrid,5,265
kia,ev6_wind,electric,,225,190,5.2,50000,electric,5,350
kia,soul_turbo,i4,1591,201,200,6.5,28000,petrol,5,264
kia,seltos_sx,i4,1591,,210,7.5,28500,petrol,5,264
kia,stinger_scorpion_edition,i4,2500,300,270,5.0,55000,petrol,5,422
kia,sorento_hybrid_sx_prestige,hybrid,1591,227,200,7.9,47000,hybrid,7,352
kia,carnival_ex,v6,3500,290,220,8.0,42500,petrol,8,355
kia,telluride_nightfall_edition,v6,3778,291,240,7.0,51000,petrol,7,355
peugeot,508_plug-in_hybrid,electric,1598,225,210,7.5,44000,hybrid,5,360
kia,ev6_first_edition,electric,,320,230,5.0,58000,electric,5,450
kia,niro_touring,hybrid,1591,139,180,10.5,33000,hybrid,5,265
kia,forte_gt-line,i4,1591,201,200,6.5,25000,petrol,5,264
kia,seltos_ex,i4,1999,146,190,9.0,23500,petrol,5,179
peugeot,3008_plug-in_hybrid,electric,1598,225,210,7.0,42000,hybrid,5,360
kia,sorento_lx,i4,2500,191,210,8.5,,petrol,7,246
kia,telluride_ex,v6,3778,291,240,7.0,44000,petrol,7,355
kia,soul_ex,i4,1999,147,190,9.5,22000,petrol,5,179
kia,forte_fe,i4,1999,147,190,9.2,18500,petrol,5,179
kia,k5_gt-line,i4,1591,180,220,7.8,29000,petrol,5,264
kia,carnival_lxs,v6,3500,290,220,8.0,39500,petrol,8,355
kia,ev6_light,electric,,225,190,5.2,46000,electric,5,350
kia,niro_ex,hybrid,1591,139,180,10.5,30000,hybrid,5,265
kia,stinger_gt,v6,3300,365,270,4.7,51500,petrol,5,510
kia,sorento_sx_prestige,hybrid,1591,227,200,7.9,48000,hybrid,7,352
kia,telluride_sx_prestige,v6,3778,,,7.0,52000,petrol,7,355
peugeot,508_hybrid4,electric,,300,235,6.0,47000,hybrid,5,520
kia,ev6_gt_performance,electric,774,577,260,3.5,65000,electric,5,740
kia,niro_sx_touring,hybrid,1591,139,180,10.5,34500,hybrid,5,265
kia,carnival_sx_prestige,v6,3500,290,220,8.0,47000,petrol,8,355
kia,seltos_sx_turbo,i4,1591,175,210,7.5,32000,petrol,5,264
kia,forte_ex_premium,i4,1999,147,190,9.2,22500,petrol,5,179
kia,soul_ex_designer_edition,i4,1999,147,190,9.5,23500,petrol,5,179
kia,rio_s,i4,1591,120,,10.3,17500,petrol,,151
kia,rio_5-door_s,i4,1591,120,180,10.3,18000,petrol,5,151
kia,soul_s,i4,,147,,9.5,20500,petrol,5,179
kia,seltos_lx,i4,1999,146,190,9.2,23000,petrol,5,179
peugeot,3008_hybrid4,electric,,,235,6.0,45000,hybrid,5,520
kia,sorento_hybrid_ex,hybrid,1591,227,200,7.9,47000,hybrid,7,352
kia,telluride_lx,v6,3778,291,240,7.0,41500,petrol,7,355
kia,carnival_mpv_ex,v6,3500,290,220,8.0,43500,petrol,8,355
kia,ev6_awd_gt-line,electric,,320,230,5.0,60000,electric,5,450
kia,forte_gt_turbo,i4,1591,201,200,6.5,,petrol,5,264
kia,soul_gt_designer_edition,i4,1999,147,190,9.5,,petrol,5,179
kia,seltos_x-line_turbo,i4,1591,175,210,7.5,30000,petrol,5,264
peugeot,e-2008_gt,electric,,136,200,8.5,,electric,5,260
kia,telluride_limited_edition,v6,3778,291,240,7.0,53000,petrol,7,355
kia,stinger_gt-line,i4,2500,300,270,5.0,50000,petrol,5,422
kia,carnival_special_edition,v6,3500,290,220,8.0,45500,petrol,8,355
kia,niro_sx_hybrid,hybrid,1591,139,180,10.5,36000,hybrid,5,265
kia,ev6_first_edition_awd,electric,,320,230,5.0,,electric,5,450
kia,sorento_x-pro_hybrid,hybrid,1591,227,200,7.8,49000,hybrid,,352
kia,forte_limited_edition,i4,1999,147,190,9.2,22500,petrol,5,179
bugatti,chiron,others,7993,1500,420,2.5,3000000,petrol,2,1600
bugatti,chiron_pur_sport,others,7993,1500,350,2.3,3300000,petrol,2,1600
bugatti,chiron_super_sport,others,7993,1600,,2.4,,petrol,2,1600
bugatti,chiron_sport,others,7993,1500,420,2.4,3300000,petrol,2,1600
bugatti,chiron_noire,others,7993,,420,2.5,,petrol,2,1600
bugatti,divo,others,7993,1500,380,2.4,,petrol,,1600
bugatti,centodieci,others,7993,1600,380,2.4,9000000,petrol,2,1600
bugatti,la_voiture_noire,others,7993,1500,420,2.5,,petrol,2,1600
bugatti,bolide,others,7993,1850,,2.2,4500000,petrol,2,1600
bugatti,mistral,others,7993,1600,,2.4,5000000,petrol,2,1600
volvo,fh,others,,540,120,15.0,120000,diesel,2,
volvo,fh16,others,,750,120,14.5,160000,diesel,2,
volvo,fm,others,,460,110,16.0,100000,diesel,2,
volvo,fmx,others,,500,110,16.5,110000,diesel,2,
volvo,vnl,others,,500,120,15.0,125000,diesel,2,
volvo,vnr,others,,400,110,17.0,95000,diesel,2,1800
volvo,vhd,others,,,100,18.0,120000,diesel,2,
volvo,fe,others,7700,280,90,20.0,85000,diesel,2,1200
volvo,fl,i4,5100,180,80,22.0,75000,diesel,2,800
jaguar,f-type,v8,2995,335,260,5.1,70000,petrol,2,450
jaguar,xe,i4,1999,250,250,6.5,,petrol,5,365
jaguar,xf,i4,1999,250,,6.5,50000,petrol,5,365
jaguar,xj,v6,2995,300,250,6.0,85000,petrol,5,400
jaguar,e-pace,i4,1999,200,230,7.0,50000,petrol,5,430
jaguar,i-pace,electric,,400,200,4.8,70000,electric,5,696
jaguar,f-pace,v6,,250,230,7.2,55000,petrol,5,365
jaguar,x-type,i4,1998,160,215,9.0,40000,petrol,5,215
jaguar,f-pace_r-dynamic,v6,1999,340,250,5.4,65000,petrol,5,480
jaguar,xe_r-dynamic,i4,1999,340,250,5.4,60000,petrol,5,450
jaguar,f-type_svr,v8,5000,575,320,3.7,,petrol,2,700
jaguar,i-pace_electric_performance,electric,,400,200,4.5,85000,electric,5,696
jaguar,f-pace_svr,v8,5000,550,283,4.0,85000,petrol,5,700
jaguar,xe_s,i4,,340,250,5.3,,petrol,5,450
jaguar,xf_r-dynamic,v6,1999,340,250,5.4,65000,petrol,5,480
jaguar,xj_lwb_(long_wheelbase),v6,2995,300,250,6.0,90000,petrol,5,400
jaguar,f-type_heritage_edition,v8,5000,550,300,3.9,110000,petrol,2,680
jaguar,i-pace_s,i4,1999,200,230,7.0,50000,petrol,5,430
jaguar,i-pace_hse,electric,,400,200,4.5,90000,electric,5,696
jaguar,f-type_v8_r,v8,,550,300,3.9,100000,petrol,2,680
jaguar,f-type_r-dynamic,v6,1999,300,250,5.1,,petrol,2,400
jaguar,xe_p300_r-dynamic,i4,1999,300,250,5.5,55000,petrol,5,400
jaguar,xf_sportbrake,v6,1999,,250,6.5,60000,petrol,5,400
jaguar,i-pace_ev400_hse,electric,,400,200,4.5,85000,electric,5,696
jaguar,f-pace_s_30t_awd,i4,1999,247,225,6.4,60000,petrol,5,365
jaguar,e-pace_r-dynamic,i4,1999,246,230,6.8,55000,petrol,5,430
jaguar,xj50,v6,2995,300,250,6.0,80000,petrol,5,400
jaguar,f-type_75th_anniversary_edition,v8,5000,550,300,3.9,,petrol,2,680
jaguar,f-pace_s_awd,v6,1999,340,250,5.4,65000,petrol,5,480
jaguar,xe_se,i4,1999,250,240,6.2,50000,petrol,5,365
jaguar,f-type_v6_s_convertible,v6,2995,380,280,4.8,80000,petrol,2,460
jaguar,xe_r-sport_awd,v6,1999,300,250,5.5,55000,petrol,5,400
jaguar,xf_portfolio_awd,v6,1999,340,250,5.4,60000,petrol,5,450
jaguar,f-type_coupe_r,v8,5000,550,300,3.9,100000,petrol,2,680
jaguar,i-pace_first_edition,electric,,400,200,4.5,85000,electric,5,696
jaguar,f-pace_prestige_awd,v6,,340,250,5.4,65000,petrol,5,480
jaguar,xj_supercharged,v8,5000,510,280,4.2,90000,petrol,,625
jaguar,f-type_p450_awd,v8,5000,450,290,4.0,90000,petrol,2,600
jaguar,f-pace_p400e_plug-in_hybrid,electric,1999,398,220,5.1,75000,hybrid,5,640
jaguar,f-type_p300_coupe,i4,1999,300,250,5.5,60000,petrol,2,400
acura,nsx_type_s,hybrid,3493,600,307,2.9,157000,hybrid,2,666
acura,tlx_pmc_edition,v6,3500,290,250,5.7,62000,petrol,5,362
acura,mdx_advance,v6,3500,290,190,6.0,60000,petrol,7,362
acura,rdx_technology,i4,1500,272,210,6.6,45000,petrol,5,400
acura,ilx_premium,i4,2400,201,200,6.6,30000,petrol,,180
acura,tlx_a-spec,v6,3500,290,250,5.7,50000,petrol,5,362
acura,rdx_sh-awd,i4,1500,272,210,6.6,50000,petrol,5,400
acura,mdx_sh-awd,v6,3500,,190,6.0,55000,petrol,7,362
acura,rdx_platinum_elite,i4,1500,272,210,6.6,,petrol,5,400
acura,tlx_a-spec_sedan,v6,3500,290,,5.7,50000,petrol,5,362
acura,tlx_2.4l,i4,2400,206,210,6.0,35000,petrol,5,247
acura,mdx_hybrid,hybrid,3500,321,190,6.0,55000,hybrid,7,335
acura,rdx_hybrid,hybrid,1500,247,210,6.6,50000,hybrid,5,400
acura,ilx_technology_package,i4,,201,200,6.6,30000,petrol,5,180
acura,nsx_gt3_(track_version),hybrid,3493,500,300,3.0,150000,hybrid,2,600
acura,rdx_turbo_awd,i4,1500,272,210,6.6,45000,petrol,5,400
acura,tlx_3.5l_v6,v6,3500,290,250,5.7,50000,petrol,5,362
acura,ilx_special_edition,i4,2400,201,200,6.6,30000,petrol,5,180
acura,mdx_sh-awd_w/technology_package,v6,3500,290,190,6.0,55000,petrol,7,362
acura,nsx_3.5l_hybrid_coupe,hybrid,3493,537,307,2.9,157000,hybrid,2,666
acura,mdx_elite,v6,3500,290,190,6.0,58000,petrol,7,362
acura,tlx_v6_advance,v6,3500,290,250,5.7,46000,petrol,5,362
acura,nsx_carbon_edition,hybrid,,537,307,2.9,,hybrid,2,666
acura,rdx_turbo_sh-awd,i4,1500,272,210,6.6,42000,petrol,5,400
acura,ilx_technology_plus,i4,2400,201,200,6.6,28000,petrol,5,180
acura,tlx_type_s_pmc_edition,v6,3000,355,250,5.1,54000,petrol,5,480
acura,mdx_sport_hybrid,hybrid,3500,321,190,6.0,52000,hybrid,7,335
peugeot,208,i4,1199,82,180,10.5,22000,petrol,5,160
peugeot,2008,i4,1199,100,190,9.0,,petrol,5,205
peugeot,301,i4,1598,115,185,10.0,23500,petrol,5,
peugeot,308,i4,1598,130,200,8.0,28000,petrol,5,230
peugeot,3008,i4,1598,180,210,7.5,32000,petrol,5,400
peugeot,5008,i4,1998,165,200,9.5,35000,diesel,7,400
peugeot,508,i4,1998,180,235,8.0,35500,petrol,5,300
peugeot,partner,i4,1560,75,,12.0,22500,diesel,5,200
peugeot,expert,i4,1997,120,180,10.0,30000,diesel,3,300
peugeot,boxer,i4,2200,140,160,11.0,32000,diesel,3,340
peugeot,e-208,electric,,136,,8.1,35000,electric,5,260
peugeot,e-2008,electric,,136,150,8.5,,electric,5,260
peugeot,208_gti,i4,1598,208,230,6.5,28000,petrol,5,300
peugeot,308_gti,i4,1598,270,250,6.0,,petrol,,330
peugeot,508_pse_(_sport_engineered),hybrid,1598,360,250,5.2,55000,hybrid,5,520
peugeot,308_allure,i4,1199,130,205,9.3,25000,petrol,5,230
peugeot,2008_allure,i4,1199,130,200,9.7,27000,petrol,5,230
peugeot,3008_allure,i4,1499,180,210,8.0,30000,petrol,5,250
peugeot,5008_allure,i4,1499,180,200,8.5,33000,petrol,7,250
peugeot,508_allure,i4,1499,180,225,8.0,35000,petrol,5,250
peugeot,3008_gt,i4,1598,200,,7.5,35000,petrol,5,280
peugeot,508_gt,i4,1598,225,235,6.8,40000,petrol,5,300
peugeot,3008_gt_hybrid,hybrid,1598,300,235,6.0,45000,hybrid,5,400
peugeot,5008_gt_hybrid,hybrid,1598,300,210,6.5,48000,hybrid,7,400
peugeot,208_allure_premium,i4,1199,130,200,9.5,,petrol,5,230
peugeot,partner_tepee,i4,1560,100,170,12.0,25000,diesel,5,260
peugeot,expert_l2h1,i4,1997,120,160,13.0,30000,diesel,3,320
peugeot,boxer_l2h2,i4,2200,130,140,14.0,35000,diesel,3,350
peugeot,partner_electric,electric,,136,130,9.0,,electric,5,260
peugeot,expert_electric,electric,,136,130,9.5,45000,electric,5,260
peugeot,208_pse_(_sport_engineered),hybrid,1598,225,250,5.5,45000,hybrid,5,360
peugeot,308_pse,hybrid,1598,360,250,5.0,55000,hybrid,5,520
peugeot,508_pse,hybrid,1598,360,250,5.2,,hybrid,5,520
peugeot,3008_pse,hybrid,1598,300,235,6.0,50000,hybrid,5,400
peugeot,2008_active,i4,1199,100,190,11.2,22000,petrol,5,205
peugeot,3008_active,i4,1499,130,200,10.0,30000,petrol,5,240
peugeot,5008_active,i4,1499,130,190,10.5,33000,petrol,7,240
peugeot,3008_allure_premium,i4,1499,130,200,9.8,32000,petrol,5,240
peugeot,5008_allure_premium,i4,1499,130,190,10.2,35000,petrol,7,240
peugeot,3008_gt_line,i4,1598,180,210,8.5,35000,petrol,5,250
peugeot,5008_gt_line,i4,1598,180,200,9.0,38000,petrol,7,250
peugeot,2008_gt,i4,1199,130,200,9.3,25000,petrol,5,230
peugeot,5008_gt,i4,1598,180,210,8.2,40000,petrol,7,250
peugeot,508_sw_(station_wagon),i4,1598,180,220,8.4,35000,petrol,5,300
peugeot,508_saloon,i4,1598,180,210,8.6,37000,petrol,5,
peugeot,308_saloon,i4,1199,130,200,9.0,28000,petrol,5,230
peugeot,301_sedan,i4,1199,82,180,12.0,20000,petrol,5,
peugeot,208_sedan,i4,1199,100,190,11.2,22000,petrol,5,205
ford,fusion_(mondeo),hybrid,,160,,7.5,25000,petrol,5,200
ford,taurus,v6,2000,200,220,6.5,,petrol,5,
ford,fiesta,others,1000,85,200,7.0,15000,petrol,5,
ford,focus,others,1000,120,,6.5,20000,petrol,5,
ford,ka+,others,1200,70,165,10.5,12000,petrol,5,
ford,ecosport,i3,1000,123,180,9.0,20000,petrol,5,170
ford,escape_(kuga),hybrid,1500,181,190,7.5,25000,petrol,5,230
ford,edge,v6,2000,250,200,6.5,,petrol,5,400
ford,explorer,v6,2300,300,200,6.0,35000,petrol,7,420
ford,expedition,v8,3500,375,180,6.5,,petrol,8,650
ford,bronco,v6,2300,275,,7.5,30000,petrol,4,400
ford,bronco_sport,others,1500,181,185,7.0,26000,petrol,5,250
ford,f-150,v8,3300,290,200,5.0,35000,petrol,5,400
ford,f-250_super_duty,v8,6200,385,180,6.5,,petrol,5,700
ford,f-350_super_duty,v8,6700,450,180,7.0,,diesel,5,
ford,maverick,hybrid,2500,191,180,6.5,22000,petrol,5,250
ford,ranger,v6,2300,270,180,6.0,25000,petrol,5,400
ford,mustang_mach-e,electric,,290,180,3.5,43000,electric,5,430
ford,f-150_lightning,electric,,452,180,4.5,40000,electric,5,1051
ford,escape_hybrid,electric,2500,200,180,7.7,28000,hybrid,5,210
ford,explorer_hybrid,electric,3300,318,180,7.5,,hybrid,7,500
ford,mustang,v8,5000,450,250,4.3,,petrol,4,530
ford,gt,v6,3500,660,348,3.0,500000,petrol,2,746
ford,focus_st,i4,2300,280,250,5.7,30000,petrol,5,420
ford,fiesta_st,i3,1500,200,230,6.5,23000,petrol,5,290
ford,bronco_raptor,v6,3000,400,220,5.5,70000,petrol,4,583
ford,ranger_raptor,v6,,392,200,6.0,45000,petrol,5,583
ford,f-150_raptor,v6,3500,450,200,5.0,70000,petrol,5,691
ford,puma,i3,1000,123,191,9.6,28000,petrol,5,200
ford,territory,i4,1500,140,180,11.0,32000,petrol,5,225
ford,everest,i4,2000,,190,10.5,52000,diesel,7,500
ford,flex,v6,3500,,200,7.9,,petrol,7,345
ford,transit,others,,170,160,12.0,43455,diesel,,
ford,transit_connect,i4,2000,162,175,10.5,29365,petrol,7,200
ford,f-450_super_duty,v8,6700,475,165,8.5,61625,diesel,6,
ford,f-550_super_duty,v8,6700,475,165,8.8,64540,diesel,6,
ford,mustang_shelby_gt500,v8,5200,760,290,3.5,79420,petrol,2,847
ford,mustang_shelby_gt350,v8,5200,526,280,4.0,59140,petrol,2,582
ford,f-150_platinum,v6,3500,400,,6.5,,petrol,5,678
ford,f-150_limited,v6,3500,450,190,6.1,84910,petrol,5,678
ford,explorer_platinum,v6,3000,400,230,6.0,56505,petrol,7,563
ford,expedition_king_ranch,v6,3500,440,210,6.8,79560,petrol,8,691
ford,transit_custom,others,2000,130,160,12.5,35000,diesel,9,385
ford,e-series_cutaway,v8,7300,350,140,13.0,36000,petrol,2,569
ford,transit_chassis_cab,others,,170,,11.5,37000,diesel,2,405
ford,transit_electric_(e-transit),electric,,266,140,9.0,52000,electric,,430
ford,explorer_plug-in_hybrid,electric,3000,457,225,6.0,53000,hybrid,7,825
ford,maverick_hybrid,hybrid,2500,191,180,7.8,25000,hybrid,5,210
ford,mustang_(2024),v8,5000,,250,4.5,60000,petrol,4,570
ford,ranger_(2024),i4,2000,210,180,8.0,40000,diesel,5,500
ford,escape_plug-in_hybrid_(2024),hybrid,2500,221,190,7.5,38000,hybrid,5,210
ford,bronco_(2024),v6,2700,,200,6.7,45000,petrol,5,542
ford,explorer_(2024),v6,3000,400,230,5.9,,petrol,7,563
mitsubishi,mirage,others,1200,78,,12.0,,petrol,5,
mitsubishi,mirage_g4,others,1200,78,170,12.0,17000,petrol,5,
mitsubishi,outlander,i4,,181,190,9.5,28000,petrol,7,245
mitsubishi,outlander_phev,hybrid,,248,170,10.5,39000,hybrid,5,300
mitsubishi,eclipse_cross,others,,152,180,9.8,,petrol,5,250
mitsubishi,asx_(outlander_sport),others,2000,148,190,10.0,,petrol,5,197
mitsubishi,pajero,others,3200,189,180,10.5,,diesel,7,441
mitsubishi,pajero_sport,others,2400,181,180,11.0,35000,diesel,7,430
mitsubishi,triton_(l200),others,2400,181,177,10.5,25000,diesel,5,430
mitsubishi,lancer_evolution_x,others,2000,291,240,5.0,40000,petrol,5,407
mitsubishi,i-miev_(electric),electric,,66,130,15.0,,electric,4,196
mitsubishi,xpander,others,1500,,170,13.5,20000,petrol,7,
mitsubishi,delica_d:5,others,2200,145,175,11.0,,diesel,7,360
mitsubishi,colt,others,1100,,180,9.0,15000,petrol,5,
mitsubishi,grandis,others,2400,165,190,11.0,25000,petrol,7,217
mitsubishi,outlander_black_edition,i4,2500,181,190,9.5,32000,petrol,7,245
mitsubishi,outlander_sel,i4,2500,181,190,9.5,31000,petrol,7,245
mitsubishi,outlander_se,i4,2500,181,190,9.5,29000,petrol,7,245
mitsubishi,eclipse_cross_black_edition,others,1500,152,180,9.8,28000,petrol,5,250
mitsubishi,asx_exceed,others,2000,148,190,10.0,26000,petrol,5,197
mitsubishi,triton_athlete,others,2400,181,177,10.5,27000,diesel,5,430
mitsubishi,pajero_final_edition,others,3200,189,180,10.5,45000,diesel,7,441
mitsubishi,l200_barbarian_x,others,2400,,177,10.5,30000,diesel,5,430
mitsubishi,space_star,others,1200,78,170,12.0,15000,petrol,5,
mitsubishi,lancer_ex,others,1600,117,200,10.0,20000,petrol,5,154
mitsubishi,montero_sport,others,2400,181,180,11.0,35000,diesel,7,430
mitsubishi,attrage,others,1200,78,170,12.5,15000,petrol,5,
mitsubishi,rvr_se,others,2000,148,190,10.5,23000,petrol,5,197
mitsubishi,delica_van,others,2000,,175,11.5,30000,diesel,7,360
mitsubishi,canter_(truck),others,3000,150,120,,35000,diesel,2,370
mitsubishi,lancer_glx,others,1600,115,190,11.5,17000,petrol,5,154
mitsubishi,pajero_gls,others,3200,189,180,10.5,,diesel,7,441
mitsubishi,xpander_cross,others,1500,105,170,12.0,,petrol,7,
mitsubishi,eclipse_cross_phev,hybrid,2400,188,180,10.5,,hybrid,5,199
mitsubishi,outlander_es,i4,2500,181,190,9.5,28000,petrol,7,245
mitsubishi,montero_glx,others,2400,181,180,11.0,35000,diesel,7,430
mitsubishi,triton_glx-r,others,2400,181,177,10.5,,diesel,,430
mitsubishi,asx_dynamic,others,2000,148,190,10.0,25000,petrol,5,197
mitsubishi,mirage_es,others,1200,78,170,12.5,,petrol,5,
mitsubishi,outlander_le,i4,2500,181,190,9.5,30000,petrol,7,245
mitsubishi,fuso_fighter_(truck),others,7500,240,120,,70000,diesel,2,686
mitsubishi,fuso_canter_eco_hybrid,hybrid,3000,150,120,,50000,diesel,2,370
mitsubishi,space_runner,others,1800,140,185,10.5,20000,petrol,5,170
mitsubishi,toppo_bj,i3,660,52,,15.0,,petrol,4,
mitsubishi,chariot,others,2000,140,185,10.5,20000,petrol,7,170
mitsubishi,lancer_se_limited,others,2000,148,200,10.0,20000,petrol,5,197
mitsubishi,pajero_swb_(short_wheel_base),others,3200,189,180,10.5,,diesel,5,441
mitsubishi,delica_space_gear,others,2400,145,170,13.0,30000,petrol,7,206
mitsubishi,i_(kei_car),i3,660,64,130,15.5,12000,petrol,4,
mitsubishi,dion,i4,2000,135,180,11.5,15000,petrol,7,181
mitsubishi,airtrek,i4,2400,160,190,11.0,20000,petrol,5,214
mitsubishi,ek_space,i3,660,52,130,15.0,10000,petrol,4,
mitsubishi,ek_x,i3,660,64,140,13.5,12000,petrol,4,
mitsubishi,colt_czc_convertible,others,1500,147,200,9.5,25000,petrol,4,210
mitsubishi,galant_fortis,others,2000,154,200,10.0,18000,petrol,5,200
mitsubishi,endeavor,v6,3800,225,190,9.5,28000,petrol,5,343
mitsubishi,grand_lancer,others,1800,138,190,11.5,20000,petrol,5,173
mitsubishi,sigma,v6,3000,210,220,8.5,35000,petrol,5,270
mitsubishi,town_box,i3,660,48,120,16.0,10000,petrol,4,
mitsubishi,minicab_miev,electric,,64,100,,18000,electric,2,196
mazda,3,others,2000,155,200,8.9,,petrol,5,213
mazda,3_hatchback,others,2500,186,,8.3,24000,petrol,5,252
mazda,6,others,2500,250,240,6.4,27000,petrol,5,420
mazda,cx-3,others,2000,146,180,9.5,21000,petrol,5,197
mazda,cx-30,others,2500,186,204,8.7,23000,petrol,5,252
mazda,cx-5,others,2500,187,200,8.8,,petrol,5,252
mazda,cx-50,others,2500,256,220,6.9,29000,petrol,5,434
mazda,cx-8,others,2200,187,200,9.2,36000,diesel,7,450
mazda,cx-9,others,2500,250,,7.2,38000,petrol,7,420
mazda,cx-90,others,3300,340,240,6.2,50000,petrol,7,500
mazda,mx-5_miata,others,2000,181,225,6.5,27000,petrol,2,205
mazda,mx-5_miata_rf,others,2000,181,225,6.5,33000,petrol,2,205
mazda,mx-30_electric,electric,,143,140,9.7,33000,electric,5,271
mazda,cx-4,others,2000,158,190,9.6,22000,petrol,5,202
mazda,cx-7,others,2300,244,210,7.9,28000,petrol,5,350
mazda,tribute,v6,3000,200,190,9.0,24000,petrol,5,270
mazda,b-series_pickup,others,2500,143,170,11.5,,diesel,5,330
mazda,bt-50,others,3200,200,180,10.0,27000,diesel,5,470
mazda,rx-7,others,1300,276,250,5.5,30000,petrol,4,314
mazda,rx-3,others,1200,110,180,8.9,15000,petrol,4,
mazda,rx-vision_concept,others,,400,300,,,petrol,2,
mazda,323f,i4,1600,105,180,10.5,14000,petrol,5,
mazda,familia_sedan,i4,1500,100,175,11.0,12000,petrol,5,
mazda,premacy,i4,2000,138,190,9.8,18000,petrol,7,180
mazda,demio,others,,108,180,10.2,13000,petrol,5,
mazda,millenia,v6,2300,210,215,8.2,25000,petrol,5,280
mazda,eunos_cosmo,others,2000,280,240,6.0,40000,petrol,4,300
mazda,atenza,others,2500,192,210,8.5,22000,petrol,5,252
mazda,roadpacer_ap,others,1300,130,170,11.5,20000,petrol,5,165
mazda,626,i4,2000,140,190,9.5,18000,petrol,5,180
mazda,929,v6,3000,205,220,8.0,25000,petrol,5,270
mazda,luce,others,,135,180,10.5,,petrol,5,170
mazda,capella,i4,1600,110,175,11.2,14000,petrol,5,
mazda,carol,i3,660,63,140,15.5,,petrol,4,
mazda,autozam_az-1,i3,657,63,140,11.0,12000,petrol,2,
mazda,spiano,i3,660,54,130,16.0,8000,petrol,4,
mazda,verisa,i4,1500,113,170,11.0,14000,petrol,5,
mazda,mx-6,v6,2500,164,210,8.8,18000,petrol,4,215
mazda,mpv,v6,3000,200,185,9.5,,petrol,7,265
mazda,proceed_marvie,i4,2600,120,160,12.0,20000,petrol,5,200
mazda,sentia,v6,3000,200,200,9.0,22000,petrol,5,265
mazda,cronos,v6,2500,160,190,8.5,18000,petrol,5,210
mazda,scrum,i3,660,63,130,15.0,,petrol,4,
mazda,parkway,i4,1800,115,160,12.5,20000,petrol,5,155
mazda,titan_(truck),i4,3000,130,120,15.0,25000,diesel,,300
mazda,cx-60,i4,2500,187,200,8.5,40000,petrol,5,250
mazda,cx-80,others,3000,250,210,7.5,45000,petrol,7,400
mazda,t1500,i4,1500,75,120,18.0,15000,petrol,2,
mazda,bongo_van,i4,2000,100,160,14.0,18000,petrol,3,
mazda,bongo_friendee,i4,,115,160,12.5,20000,petrol,7,160
mazda,revue,i4,1300,75,130,15.5,,petrol,5,
mazda,proteg,i4,1800,125,185,9.0,,petrol,,170
mazda,xedos_6,v6,2500,170,215,8.5,,petrol,5,230
mazda,xedos_9,v6,3000,200,220,7.5,30000,petrol,5,260
mazda,121,i4,1300,70,155,13.0,,petrol,5,
mazda,1200,i4,1200,60,130,16.0,,petrol,4,
mazda,1500,i4,1500,,145,14.0,12000,petrol,5,
mazda,rx-2,others,1308,130,185,8.5,20000,petrol,,220
mazda,rx-5,others,1588,135,190,8.0,25000,petrol,4,210
mazda,rx-7_spirit_r,others,1308,280,250,5.5,35000,petrol,,290
mazda,cosmo_sport_(110s),others,1000,110,170,10.0,30000,petrol,2,
mazda,eunos_500,i4,1998,135,200,9.0,25000,petrol,5,170
mazda,eunos_roadster,i4,1590,116,180,9.5,15000,petrol,2,
mazda,familia_astina,i4,1800,135,200,8.5,,petrol,5,170
mazda,savanna_rx-7,others,1308,165,,7.5,28000,petrol,2,
mazda,capella_cargo,i4,2000,115,180,12.0,18000,petrol,,160
mazda,818,i4,1600,100,170,12.5,,petrol,5,
mazda,sentia_hardtop_coupe,v6,2500,160,210,8.0,,petrol,4,220
mazda,biante,i4,2000,150,185,10.0,22000,petrol,7,200
mazda,premacy_hydrogen_re_hybrid,electric,1308,200,180,9.5,40000,hybrid,5,260
mazda,carol_p360,others,360,26,85,35.0,8000,petrol,4,
mazda,t2000,i4,2000,110,170,12.5,18000,petrol,2,160
mazda,az-offroad,i4,1298,85,145,12.0,15000,petrol,5,
mazda,scrum_wagon,i3,657,64,120,15.5,10000,petrol,4,
mazda,persona,i4,1497,,160,13.5,13000,petrol,5,
mazda,astina,i4,1800,140,190,8.5,,petrol,5,160
mazda,etude,i4,,105,170,10.0,,petrol,5,
mazda,porter,i4,1497,95,130,14.0,12000,petrol,2,
mazda,mx-3,i4,1598,130,190,8.5,18000,petrol,4,
mazda,mx-5_superlight_concept,i4,1798,143,200,7.5,30000,petrol,2,160
mazda,premacy_hydrogen_re,electric,1308,200,180,9.5,40000,hybrid,5,260
mazda,bongo_truck,i4,1998,120,130,15.0,15000,petrol,2,
mazda,rotary_pickup,others,1308,130,150,14.5,18000,petrol,2,160
mazda,luce_rotary_coupe,others,1308,135,175,12.0,25000,petrol,,180
mazda,millenia_s,v6,2500,200,220,8.0,30000,petrol,5,250
mazda,787b_(race_car),others,2620,700,,3.5,5000000,petrol,1,500
toyota,crown_signia,hybrid,2487,240,,7.6,43590,hybrid,5,239
toyota,4runner_(6th_gen),hybrid,,326,180,6.8,50000,hybrid,7,630
toyota,corolla_cross,hybrid,,169,190,8.0,25210,hybrid,5,190
toyota,c-hr+,hybrid,,140,180,7.9,33000,hybrid,,190
toyota,rav4_(6th_gen),hybrid,,219,200,6.0,29000,hybrid,5,221
alfa_romeo,giulia_quadrifoglio,v6,2891,,307,3.9,86000,petrol,5,600
alfa_romeo,stelvio_quadrifoglio,v6,2891,510,283,3.8,92000,petrol,5,600
acura,integra_type_s,i4,1996,320,240,5.3,51000,petrol,5,420
acura,tlx_type_s,v6,2997,355,250,5.1,57000,petrol,5,480
aston_martin,db12,v8,3982,671,325,3.5,245000,petrol,4,800
aston_martin,valhalla,hybrid,,937,330,2.5,,hybrid,2,1000
audi,rs3_sedan,others,2480,401,290,3.8,63000,petrol,5,500
audi,rs6_avant_performance,v8,3996,630,305,3.4,135000,petrol,5,850
audi,q8_e-tron,electric,,402,200,5.6,,electric,5,664
audi,q4_e-tron_sportback,electric,,295,180,6.0,58000,electric,5,460
bentley,flying_spur_speed,v8,3996,626,333,3.7,240000,petrol,4,900
bentley,bentayga_ewb,v8,3996,542,290,4.5,,petrol,,770
bentley,continental_gt_speed,others,5998,650,335,3.6,280000,petrol,4,900
bmw,m2_coupe,others,2993,453,285,4.1,,petrol,4,550
bmw,m4_csl,others,2993,543,307,3.7,140000,petrol,,650
bmw,i4_m50,electric,,536,225,3.9,71000,electric,5,795
bmw,i7_xdrive60,electric,,544,240,4.6,125000,electric,5,745
bugatti,mistral,others,7993,1600,420,2.4,5000000,petrol,,1600
bugatti,bolide,others,7993,1578,500,2.2,4700000,petrol,2,1600
byd,seal,electric,,390,200,5.4,42000,electric,5,550
byd,atto_3,electric,,204,160,7.3,32000,electric,5,310
byd,dolphin,electric,,201,160,7.0,28000,electric,5,290
byd,tang_ev,electric,,509,190,4.4,55000,electric,7,700
cadillac,lyriq,electric,,340,190,5.7,58000,electric,5,440
cadillac,ct5-v_blackwing,v8,6162,668,320,3.6,95000,petrol,5,893
cadillac,escalade_v,v8,6162,682,290,4.4,,petrol,7,885
chevrolet,corvette_e-ray,hybrid,,655,296,2.5,108000,hybrid,2,800
chevrolet,silverado_ev,electric,,664,210,4.5,75000,electric,5,780
chevrolet,blazer_ev_ss,electric,,557,210,4.0,69000,electric,5,680
citron,c4_x,i3,,130,200,9.4,30000,petrol,5,230
citron,-c4_electric,electric,,136,150,9.7,,electric,5,260
citron,c5_x_hybrid,hybrid,,225,210,7.8,,hybrid,5,360
cupra,formentor_vz5,others,2480,390,250,4.2,70000,petrol,5,480
cupra,born,electric,,231,160,7.0,40000,electric,5,310
cupra,tavascan,electric,,340,180,5.6,60000,electric,5,545
dacia,duster_2024,i4,1330,150,190,9.8,24000,petrol,5,260
dacia,jogger_hybrid_140,hybrid,,140,175,10.1,28000,hybrid,7,250
dodge,charger_daytona_ev,electric,,670,250,3.6,90000,electric,5,900
dodge,hornet_r/t_hybrid,hybrid,,288,205,6.1,,hybrid,5,410
ferrari,296_gtb,hybrid,,819,330,2.9,330000,hybrid,2,740
ferrari,296_gts,hybrid,,819,330,2.9,380000,hybrid,2,740
ferrari,purosangue,v12,6496,715,310,3.3,400000,petrol,4,716
ford,bronco_raptor,v6,2956,,180,5.6,70000,petrol,5,596
ford,mustang_mach-e_gt,electric,,480,200,3.8,,electric,5,860
ford,f-150_lightning_platinum,electric,,580,,4.3,92000,electric,5,1050
genesis,g70_shooting_brake,i4,1998,245,235,6.4,45000,petrol,5,353
genesis,gv60_performance,electric,,,235,4.0,70000,electric,5,700
genesis,g90_e-supercharger,hybrid,,409,250,5.8,95000,hybrid,5,549
honda,zr-v,hybrid,,184,177,7.9,37000,hybrid,5,315
honda,cr-v_e:hev,hybrid,,204,185,8.5,40000,hybrid,5,335
honda,e:ny1,electric,,204,160,7.6,39000,electric,5,
hyundai,kona_n_line,i4,1598,198,210,7.8,32000,petrol,5,265
hyundai,santa_fe_2024_hybrid,hybrid,,230,190,8.4,43000,hybrid,7,350
jaguar,f-type_75,v8,5000,444,285,4.6,80000,petrol,2,580
jaguar,i-pace_ev400,electric,,394,200,4.8,72000,electric,5,696
jeep,grand_cherokee_4xe,hybrid,,375,210,6.0,61000,hybrid,,637
jeep,avenger_electric,electric,,156,150,9.0,31000,electric,5,260
kia,ev5,electric,,308,190,6.2,48000,electric,5,475
kia,ev3,electric,,201,180,7.8,36000,electric,5,310
kia,sportage_hybrid,hybrid,,,190,8.1,35000,hybrid,5,350
lamborghini,revuelto,hybrid,,1001,350,2.5,600000,hybrid,2,1000
lamborghini,huracn_sterrato,v10,5204,610,260,3.4,280000,petrol,2,565
land_rover,defender_130,hybrid,2996,400,191,6.1,85000,hybrid,8,550
land_rover,range_rover_sport_phev,hybrid,,510,242,5.4,1230000,hybrid,5,700
lexus,rz_450e,electric,,309,160,5.3,59000,electric,5,435
lexus,gx_550_overtrail,v6,3445,349,175,6.5,70000,petrol,7,649
lucid,air_sapphire,electric,,1234,330,1.9,250000,electric,5,1390
lucid,air_pure_rwd,electric,,430,,4.4,77000,electric,5,600
maserati,mc20_cielo,v6,3000,621,325,3.0,260000,petrol,,730
maserati,grecale_trofeo,v6,3000,523,285,3.8,110000,petrol,5,620
mazda,mx-30_r-ev,others,,168,140,9.1,38000,hybrid,5,260
mazda,cx-60_phev,hybrid,,327,200,5.8,52000,hybrid,5,500
mercedes,amg_c63_s_e_performance,hybrid,,671,280,3.3,100000,hybrid,5,1020
mercedes,eqe_suv_500_4matic,electric,,402,210,4.9,,electric,5,858
mini,cooper_se_2024,electric,,218,170,6.7,38000,electric,4,330
mini,countryman_se_all4,electric,,313,180,5.6,48000,electric,5,494
nissan,z_nismo,v6,2997,420,250,4.0,68000,petrol,2,520
nissan,x-trail_e-power,hybrid,,213,180,7.9,40000,hybrid,7,330
opel,astra_electric,electric,,154,170,9.2,37000,electric,5,270
opel,grandland_hybrid,hybrid,,225,200,8.0,42000,hybrid,5,360
peugeot,408_phev,hybrid,,225,233,7.8,,hybrid,,360
peugeot,e-308_gt,electric,,156,170,9.0,41000,electric,5,270
polestar,polestar_3,electric,,517,210,4.7,85000,electric,5,910
polestar,polestar_4,electric,,544,200,3.8,78000,electric,5,686
porsche,macan_ev_turbo,electric,,603,260,3.1,105000,electric,5,960
porsche,panamera_turbo_e-hybrid,hybrid,,680,315,3.2,190000,hybrid,4,870
renault,megane_e-tech_electric,electric,,,160,7.4,,electric,5,300
renault,rafale_e-tech_hybrid,hybrid,,200,180,8.4,47000,hybrid,5,280
skoda,enyaq_rs_iv,electric,,295,180,6.5,60000,electric,5,460
skoda,superb_iv,hybrid,1395,218,225,7.7,,hybrid,5,400
subaru,solterra,electric,,218,160,7.7,45000,electric,5,337
subaru,crosstrek_hybrid,hybrid,1995,148,185,9.0,38000,hybrid,5,260
suzuki,across_phev,hybrid,,306,180,6.0,52000,hybrid,5,450
suzuki,vitara_hybrid,hybrid,,,175,12.7,28000,hybrid,5,220
tesla,model_3_performance_2024,electric,,510,261,3.2,55000,electric,5,660
tesla,cybertruck_tri-motor,electric,,845,210,2.9,99000,electric,5,1100
toyota,prius_prime_2024,hybrid,,220,177,6.6,36000,hybrid,5,305
toyota,land_cruiser_250_hybrid,hybrid,,326,180,7.5,65000,hybrid,7,630
volkswagen,id.7_pro,electric,,282,180,6.5,58000,electric,5,545
volkswagen,id.buzz_gtx,electric,,340,160,6.4,72000,electric,7,680
volvo,ex30_twin_motor,electric,,428,180,3.6,48000,electric,5,543
volvo,ex90_twin_motor,electric,,517,180,4.9,95000,electric,7,910
alfa_romeo,tonale_plug-in_hybrid,hybrid,2487,279,200,6.9,52000,hybrid,5,380
alpine,a110_r,i4,1798,300,285,3.9,110000,petrol,2,340
aston_martin,vantage_2025,v8,3996,656,325,3.4,185000,petrol,2,800
bmw,x5_xdrive50e,hybrid,2998,483,250,4.8,84000,hybrid,5,700
bmw,m5_2025,v8,4395,635,305,3.2,125000,petrol,5,750
byd,han_ev,electric,,380,200,5.2,45000,electric,5,
byd,song_plus_dm-i,hybrid,,215,175,7.9,30000,hybrid,5,
cadillac,escalade_iq,electric,,750,190,4.5,130000,electric,7,1060
chevrolet,equinox_ev,electric,,288,190,6.5,35000,electric,5,450
citron,berlingo_electric,electric,,136,130,11.0,33000,electric,5,260
cupra,leon_vz_cup,i4,1984,310,270,5.0,49000,petrol,5,400
dacia,spring_electric,electric,,65,125,13.7,22000,electric,4,
dodge,challenger_last_call,v8,6166,807,320,3.3,110000,petrol,4,960
ferrari,sf90_xx_stradale,hybrid,,1016,320,2.3,800000,hybrid,2,900
ferrari,daytona_sp3,v12,6496,828,340,2.9,2000000,petrol,2,
ford,ranger_raptor,v6,2956,292,180,7.9,60000,petrol,5,491
ford,puma_st_powershift,hybrid,,170,210,7.4,,hybrid,5,248
genesis,gv80_coupe,v6,3470,409,250,5.6,85000,petrol,5,543
honda,civic_e:hev,hybrid,,184,180,7.9,35000,hybrid,5,315
honda,accord_hybrid_2024,hybrid,,204,185,7.8,38000,hybrid,5,335
hyundai,ioniq_7,electric,,380,190,5.8,70000,electric,7,600
hyundai,elantra_n,i4,1998,286,250,5.3,34000,petrol,5,392
jaguar,f-pace_svr,v8,5000,550,286,4.0,96000,petrol,5,700
jeep,wrangler_4xe,hybrid,,375,180,6.4,57000,hybrid,5,
kia,sorento_plug-in_hybrid,hybrid,,265,193,8.4,48000,hybrid,7,350
kia,stinger_gt,v6,3342,368,270,4.7,56000,petrol,5,510
lamborghini,huracn_tecnica,v10,5204,640,325,3.2,250000,petrol,2,565
land_rover,discovery_sport_phev,hybrid,,309,209,6.2,57000,hybrid,5,540
lexus,is_500_f_sport,v8,4969,472,240,4.4,,petrol,5,540
lexus,ux_300e,electric,,204,160,7.5,50000,electric,5,300
lucid,gravity_suv,electric,,800,250,3.5,120000,electric,7,1000
maserati,granturismo_folgore,electric,,760,320,2.7,215000,electric,4,1350
mazda,cx-90_inline-6_turbo,others,3283,340,210,6.5,47000,petrol,7,500
mercedes,eqg_580_4matic,electric,,580,180,4.5,160000,electric,5,900
mini,aceman_electric,electric,,218,170,7.0,39000,electric,5,
nissan,qashqai_e-power,hybrid,,190,180,7.9,35000,hybrid,5,330
opel,mokka_electric,electric,,156,150,9.2,31000,electric,5,270
peugeot,3008_hybrid_136,hybrid,,136,190,9.8,38000,hybrid,5,230
polestar,polestar_5,electric,,650,250,3.2,110000,electric,5,900
porsche,911_s/t,boxer,3996,518,300,3.7,290000,petrol,2,465
porsche,cayenne_turbo_e-hybrid,hybrid,,729,295,3.5,150000,hybrid,5,950
renault,scenic_e-tech_electric,electric,,220,170,7.9,43000,electric,5,300
skoda,kodiaq_2024,i4,1984,204,210,8.5,,petrol,7,320
subaru,wrx_sti_final_edition,boxer,2457,310,255,5.0,50000,petrol,5,407
suzuki,swift_sport_hybrid,hybrid,,129,210,9.1,,hybrid,4,235
tesla,roadster_2025,electric,,1000,400,1.9,200000,electric,4,1200
toyota,gr_yaris_2024,i3,1618,280,230,5.2,,petrol,4,390
toyota,crown_suv_hybrid,hybrid,,340,200,6.1,52000,hybrid,5,600
volkswagen,golf_r_20_years,i4,1984,333,270,4.6,52000,petrol,5,420
volvo,xc60_t8_recharge,hybrid,,455,250,4.8,70000,hybrid,5,709
alfa_romeo,compact_gt_line,i4,1998,280,240,5.6,45000,petrol,5,400
audi,sedan_sport,i4,1998,265,235,6.1,44000,petrol,5,370
bmw,crossover_n_line,others,2998,380,250,5.2,58000,petrol,5,520
chevrolet,suv_rs_line,i4,1998,260,230,6.5,40000,petrol,5,380
ford,sedan_st_line,i4,1998,250,,6.7,38000,petrol,5,360
honda,hatchback_r-line,i4,1498,190,210,7.6,31000,petrol,5,260
hyundai,compact_premium,i4,1998,245,230,6.9,34000,petrol,5,350
kia,suv_luxury,i4,2497,280,220,7.2,37000,petrol,5,390
mazda,crossover_trail,i4,2488,256,,6.8,36000,petrol,5,430
mercedes,coupe_offroad,others,2998,380,250,5.3,70000,petrol,4,520
nissan,compact_touring,i4,1332,160,,8.8,27000,petrol,5,250
peugeot,sedan_performance,i4,1598,,225,7.4,35000,petrol,5,340
renault,hatchback_competition,i4,1798,,250,5.5,,petrol,5,400
skoda,suv_black_edition,i4,1984,245,220,7.3,34000,petrol,5,360
subaru,crossover_platinum,boxer,2498,185,200,8.9,,petrol,5,245
toyota,compact_gt_line,hybrid,,200,205,7.5,34000,hybrid,5,260
volkswagen,sedan_sport,,1998,245,230,6.6,36000,petrol,5,370
volvo,suv_luxury,i4,1969,250,220,7.0,45000,petrol,5,350
opel,crossover_trail,i4,1496,180,205,8.1,30000,petrol,5,270
citron,hatchback_performance,i4,1598,210,215,7.4,29000,petrol,5,300
